-- phpMyAdmin SQL Dump
-- version 4.8.5
-- https://www.phpmyadmin.net/
--
-- Host: mysql.emicrodev.com
-- Generation Time: Jul 22, 2020 at 06:40 AM
-- Server version: 5.7.28-log
-- PHP Version: 7.1.22

SET SQL_MODE = "NO_AUTO_VALUE_ON_ZERO";
SET AUTOCOMMIT = 0;
START TRANSACTION;
SET time_zone = "+00:00";


/*!40101 SET @OLD_CHARACTER_SET_CLIENT=@@CHARACTER_SET_CLIENT */;
/*!40101 SET @OLD_CHARACTER_SET_RESULTS=@@CHARACTER_SET_RESULTS */;
/*!40101 SET @OLD_COLLATION_CONNECTION=@@COLLATION_CONNECTION */;
/*!40101 SET NAMES utf8mb4 */;

--
-- Database: `cm_pul_group`
--

-- --------------------------------------------------------

--
-- Table structure for table `accounts`
--

CREATE TABLE `accounts` (
  `id` int(10) UNSIGNED NOT NULL,
  `company_id` int(10) UNSIGNED DEFAULT NULL,
  `name` varchar(191) COLLATE utf8mb4_unicode_ci NOT NULL,
  `email` varchar(191) COLLATE utf8mb4_unicode_ci NOT NULL,
  `mobile` varchar(191) COLLATE utf8mb4_unicode_ci NOT NULL,
  `created_at` timestamp NULL DEFAULT NULL,
  `updated_at` timestamp NULL DEFAULT NULL
) ENGINE=InnoDB DEFAULT CHARSET=utf8mb4 COLLATE=utf8mb4_unicode_ci;

-- --------------------------------------------------------

--
-- Table structure for table `admins`
--

CREATE TABLE `admins` (
  `id` int(10) UNSIGNED NOT NULL,
  `created_at` timestamp NULL DEFAULT NULL,
  `updated_at` timestamp NULL DEFAULT NULL
) ENGINE=InnoDB DEFAULT CHARSET=utf8mb4 COLLATE=utf8mb4_unicode_ci;

-- --------------------------------------------------------

--
-- Table structure for table `ammendments`
--

CREATE TABLE `ammendments` (
  `id` int(10) UNSIGNED NOT NULL,
  `amendment_amount` decimal(10,2) NOT NULL,
  `file` varchar(191) COLLATE utf8mb4_unicode_ci DEFAULT NULL,
  `payment_id` int(10) UNSIGNED DEFAULT NULL,
  `project_id` int(10) UNSIGNED DEFAULT NULL,
  `status` smallint(6) NOT NULL DEFAULT '1',
  `approved` varchar(191) COLLATE utf8mb4_unicode_ci NOT NULL,
  `created_at` timestamp NULL DEFAULT NULL,
  `updated_at` timestamp NULL DEFAULT NULL
) ENGINE=InnoDB DEFAULT CHARSET=utf8mb4 COLLATE=utf8mb4_unicode_ci;

-- --------------------------------------------------------

--
-- Table structure for table `bank_accounts`
--

CREATE TABLE `bank_accounts` (
  `id` int(10) UNSIGNED NOT NULL,
  `account_name` varchar(191) COLLATE utf8mb4_unicode_ci DEFAULT NULL,
  `account_number` varchar(191) COLLATE utf8mb4_unicode_ci DEFAULT NULL,
  `account_type` varchar(191) COLLATE utf8mb4_unicode_ci DEFAULT NULL,
  `company_id` int(10) UNSIGNED DEFAULT NULL,
  `bank_id` int(10) UNSIGNED DEFAULT NULL,
  `branch_id` int(10) UNSIGNED DEFAULT NULL,
  `created_at` timestamp NULL DEFAULT NULL,
  `updated_at` timestamp NULL DEFAULT NULL,
  `deleted_at` timestamp NULL DEFAULT NULL
) ENGINE=InnoDB DEFAULT CHARSET=utf8mb4 COLLATE=utf8mb4_unicode_ci;

--
-- Dumping data for table `bank_accounts`
--

INSERT INTO `bank_accounts` (`id`, `account_name`, `account_number`, `account_type`, `company_id`, `bank_id`, `branch_id`, `created_at`, `updated_at`, `deleted_at`) VALUES
(1, 'Test', '02154788885555', 'SAVINGS', 11, 1, 2, '2020-07-08 02:32:06', '2020-07-08 02:32:18', NULL);

-- --------------------------------------------------------

--
-- Table structure for table `bank_and_branches`
--

CREATE TABLE `bank_and_branches` (
  `id` int(10) UNSIGNED NOT NULL,
  `name` varchar(191) COLLATE utf8mb4_unicode_ci DEFAULT NULL,
  `bank_id` int(10) UNSIGNED DEFAULT NULL,
  `phone` varchar(191) COLLATE utf8mb4_unicode_ci DEFAULT NULL,
  `email` varchar(191) COLLATE utf8mb4_unicode_ci DEFAULT NULL,
  `type` varchar(191) COLLATE utf8mb4_unicode_ci DEFAULT NULL,
  `address` longtext COLLATE utf8mb4_unicode_ci,
  `status` smallint(6) NOT NULL DEFAULT '1',
  `created_at` timestamp NULL DEFAULT NULL,
  `updated_at` timestamp NULL DEFAULT NULL,
  `deleted_at` timestamp NULL DEFAULT NULL
) ENGINE=InnoDB DEFAULT CHARSET=utf8mb4 COLLATE=utf8mb4_unicode_ci;

--
-- Dumping data for table `bank_and_branches`
--

INSERT INTO `bank_and_branches` (`id`, `name`, `bank_id`, `phone`, `email`, `type`, `address`, `status`, `created_at`, `updated_at`, `deleted_at`) VALUES
(1, 'Sonali bank limited', NULL, NULL, NULL, 'BANK', NULL, 1, '2020-07-08 01:59:13', '2020-07-08 01:59:13', NULL),
(2, 'Uttara Model Town', 1, '02 8914639', 'sonali_uttara@cc.com', 'BRANCH', 'Road No. 7, Sector 4, Uttara Model Town, Dhaka', 1, '2020-07-08 01:59:13', '2020-07-08 01:59:13', NULL),
(3, 'Banani Branch', 1, '02 9895450', 'sonali@banani.com', 'BRANCH', '95 H Banani, Dhaka', 1, '2020-07-08 01:59:13', '2020-07-08 01:59:13', NULL);

-- --------------------------------------------------------

--
-- Table structure for table `companies`
--

CREATE TABLE `companies` (
  `id` int(10) UNSIGNED NOT NULL,
  `name` varchar(191) COLLATE utf8mb4_unicode_ci NOT NULL,
  `c_email` varchar(191) COLLATE utf8mb4_unicode_ci DEFAULT NULL,
  `c_mobile` varchar(191) COLLATE utf8mb4_unicode_ci NOT NULL,
  `c_address` varchar(191) COLLATE utf8mb4_unicode_ci NOT NULL,
  `c_img` varchar(191) COLLATE utf8mb4_unicode_ci DEFAULT NULL,
  `last_voucher_id` varchar(191) COLLATE utf8mb4_unicode_ci NOT NULL,
  `code` varchar(191) COLLATE utf8mb4_unicode_ci NOT NULL,
  `created_at` timestamp NULL DEFAULT NULL,
  `updated_at` timestamp NULL DEFAULT NULL,
  `deleted_at` timestamp NULL DEFAULT NULL
) ENGINE=InnoDB DEFAULT CHARSET=utf8mb4 COLLATE=utf8mb4_unicode_ci;

--
-- Dumping data for table `companies`
--

INSERT INTO `companies` (`id`, `name`, `c_email`, `c_mobile`, `c_address`, `c_img`, `last_voucher_id`, `code`, `created_at`, `updated_at`, `deleted_at`) VALUES
(1, 'Prokaushal Upodesta Ltd.', 'info@pul-group.com', '+880-255093551', 'PUL Tower, 29 Gausul Azam Avenue, Sector# 14, Uttara Dhaka-1230, Bangladesh.', NULL, '51', '01', '2019-07-29 06:33:50', '2020-07-22 18:22:08', NULL),
(2, 'Engineering Services Ltd.', 'info@pul-group.com', '+880-255093551', 'PUL Tower, 29 Gausul Azam Avenue, Sector# 14, Uttara Dhaka-1230, Bangladesh.', NULL, '49', '03', '2019-07-29 22:50:32', '2020-07-22 20:11:28', NULL),
(3, 'Hillcrest Printers Ltd.', 'info@pul-group.com', '+880-255093551', 'PUL Tower, 29 Gausul Azam Avenue, Sector# 14, Uttara Dhaka-1230, Bangladesh.', 'public/images/Jb5EUWo3NG9F7Bxoi7Fdn03Af11Tmb2VX61EG9kV.jpeg', '39', '09', '2019-08-05 23:45:48', '2020-07-22 18:45:05', NULL),
(4, 'PUL Industries Ltd.', 'info@pul-group.com', '+880-255093551', 'PUL Tower, 29 Gausul Azam Avenue, Sector# 14, Uttara Dhaka-1230, Bangladesh.', 'public/images/x1gWreMKjg1i4k1ZFkcINa89feB2VXrBqBTvHObE.jpeg', '38', '07', '2019-08-06 01:56:40', '2020-07-22 20:05:47', NULL),
(5, 'The Eastway Electric Co.', 'info@pul-group.com', '+880-255093551', 'PUL Tower, 29 Gausul Azam Avenue, Sector# 14, Uttara Dhaka-1230, Bangladesh.', NULL, '26', '05', '2019-08-21 00:50:09', '2020-07-22 19:36:04', NULL),
(6, 'Atlanta Enterprise Ltd.', 'info@pul-group.com', '+880-255093551', 'PUL Tower, 29 Gausul Azam Avenue, Sector# 14, Uttara Dhaka-1230, Bangladesh.', NULL, '0', '11', '2019-08-22 04:35:49', '2019-09-02 01:21:16', NULL),
(7, 'Right Brain Solution Ltd.', 'info@rightbrainsolution.com', '+880-255093551', 'PUL Tower, 29 Gausul Azam Avenue, Sector# 14, Uttara Dhaka-1230, Bangladesh.', NULL, '0', '13', '2019-08-22 04:35:49', '2019-09-02 01:21:16', NULL),
(8, 'ESL & ACE JV', 'nmkhan@emicrograph.com', '01711111111', 'Uttara', NULL, '0', '15', '2020-06-18 18:56:22', '2020-06-18 18:56:22', NULL),
(9, 'JV of WASA Project', 'nmkhan@emicrograph.com', '01711111111', 'uttara', NULL, '0', '17', '2020-06-22 22:25:06', '2020-06-22 22:25:06', NULL),
(10, 'JV of ESL and EEC', 'eec@pul-group.com', '1111111111', 'Uttara', NULL, '0', '19', '2020-06-24 11:37:07', '2020-06-24 11:37:07', NULL),
(11, 'Test Company Ltd.', 'test_company@cc.com', '02145', 'Uttara', NULL, '1', '99', '2020-06-24 15:31:05', '2020-07-08 02:28:31', NULL),
(12, 'JV of PUL & OMS', 'pul@pul-group.com', '01711111111', 'Uttara', NULL, '0', '21', '2020-07-03 13:28:18', '2020-07-03 13:28:18', NULL),
(13, 'JV OF PUL & UE', 'pul@pul-group.com', '01711111111', 'Uttara', NULL, '0', '23', '2020-07-03 13:31:41', '2020-07-03 13:31:41', NULL);

-- --------------------------------------------------------

--
-- Table structure for table `documents`
--

CREATE TABLE `documents` (
  `id` int(10) UNSIGNED NOT NULL,
  `payment_id` int(10) UNSIGNED DEFAULT NULL,
  `file_path` varchar(191) COLLATE utf8mb4_unicode_ci DEFAULT NULL,
  `file_name` varchar(191) COLLATE utf8mb4_unicode_ci DEFAULT NULL,
  `created_by` int(10) UNSIGNED DEFAULT NULL,
  `created_at` timestamp NULL DEFAULT NULL,
  `updated_at` timestamp NULL DEFAULT NULL
) ENGINE=InnoDB DEFAULT CHARSET=utf8mb4 COLLATE=utf8mb4_unicode_ci;

--
-- Dumping data for table `documents`
--

INSERT INTO `documents` (`id`, `payment_id`, `file_path`, `file_name`, `created_by`, `created_at`, `updated_at`) VALUES
(1, 61, 'uploads/hand_slip/1593074149_1_Advance_Payment_PUL_Group.png', '1593074149_1_Advance_Payment_PUL_Group.png', NULL, '2020-06-25 15:35:49', '2020-06-25 15:35:49');

-- --------------------------------------------------------

--
-- Table structure for table `expenditure_sectors`
--

CREATE TABLE `expenditure_sectors` (
  `id` int(10) UNSIGNED NOT NULL,
  `name` varchar(191) COLLATE utf8mb4_unicode_ci DEFAULT NULL,
  `status` smallint(6) NOT NULL DEFAULT '1',
  `created_at` timestamp NULL DEFAULT NULL,
  `updated_at` timestamp NULL DEFAULT NULL
) ENGINE=InnoDB DEFAULT CHARSET=utf8mb4 COLLATE=utf8mb4_unicode_ci;

--
-- Dumping data for table `expenditure_sectors`
--

INSERT INTO `expenditure_sectors` (`id`, `name`, `status`, `created_at`, `updated_at`) VALUES
(1, 'Convence', 1, '2020-06-29 21:43:15', '2020-06-29 21:43:15'),
(2, 'Material', 1, '2020-06-29 21:43:28', '2020-06-29 21:43:28'),
(3, 'Salary', 1, '2020-06-29 21:43:37', '2020-06-29 21:43:37'),
(4, 'Fuel', 1, '2020-07-01 20:17:11', '2020-07-01 20:17:11'),
(5, 'Salary & Remuneration', 1, '2020-07-07 22:38:55', '2020-07-07 22:38:55'),
(6, 'Rent', 1, '2020-07-07 22:39:13', '2020-07-07 22:39:13'),
(7, 'Utilities', 1, '2020-07-07 22:41:06', '2020-07-07 22:41:06'),
(8, 'Advertisement', 1, '2020-07-07 22:42:46', '2020-07-07 22:42:46'),
(9, 'Bad Debt Exp.', 1, '2020-07-07 22:43:40', '2020-07-07 22:43:40'),
(10, 'Bank Charge', 1, '2020-07-07 22:43:57', '2020-07-07 22:43:57'),
(11, 'Cleaning exp', 1, '2020-07-07 22:56:11', '2020-07-07 22:56:11'),
(12, 'Donation', 1, '2020-07-07 22:56:33', '2020-07-07 22:56:33'),
(13, 'Tendering Cost', 1, '2020-07-07 22:56:54', '2020-07-07 22:56:54'),
(14, 'Income Tax Exp', 1, '2020-07-07 22:57:54', '2020-07-07 22:57:54'),
(15, 'VAT Exp', 1, '2020-07-07 22:58:16', '2020-07-07 22:58:16'),
(16, 'Insurance Exp', 1, '2020-07-07 22:58:38', '2020-07-07 22:58:38'),
(17, 'Medical Exp', 1, '2020-07-07 22:58:52', '2020-07-07 22:58:52'),
(18, 'Interest Exp.', 1, '2020-07-07 22:59:07', '2020-07-07 22:59:07'),
(19, 'Entertainment', 1, '2020-07-07 22:59:32', '2020-07-07 22:59:32'),
(20, 'Office Exp.', 1, '2020-07-07 22:59:47', '2020-07-07 22:59:47'),
(21, 'Postage Exp.', 1, '2020-07-07 23:00:05', '2020-07-07 23:00:24'),
(22, 'Repair & Maintenance', 1, '2020-07-07 23:00:44', '2020-07-07 23:00:44'),
(23, 'Registration & Renewal Exp.', 1, '2020-07-07 23:01:31', '2020-07-07 23:01:31'),
(24, 'RJSC Exp.', 1, '2020-07-07 23:01:53', '2020-07-07 23:01:53'),
(25, 'GPS Tracking', 1, '2020-07-07 23:02:43', '2020-07-07 23:02:43'),
(26, 'Telephone Exp.', 1, '2020-07-07 23:03:03', '2020-07-07 23:03:03'),
(27, 'Training Exp.', 1, '2020-07-07 23:03:26', '2020-07-07 23:03:26'),
(28, 'Travel Exp.', 1, '2020-07-07 23:03:52', '2020-07-07 23:03:52'),
(29, 'Tax & Legal Exp.', 1, '2020-07-07 23:05:34', '2020-07-07 23:05:34'),
(30, 'Car Parking & Toll Exp.', 1, '2020-07-07 23:06:53', '2020-07-07 23:06:53'),
(31, 'Bonus Exp.', 1, '2020-07-07 23:07:23', '2020-07-07 23:07:23'),
(32, 'Renovation Work', 1, '2020-07-07 23:08:02', '2020-07-07 23:08:02'),
(33, 'Miscellaneous Exp.', 1, '2020-07-07 23:36:15', '2020-07-07 23:36:15'),
(34, 'Other Exp.', 1, '2020-07-07 23:36:50', '2020-07-07 23:36:50'),
(35, 'Licenses Exp.', 1, '2020-07-07 23:37:14', '2020-07-07 23:37:14'),
(36, 'Freight Exp.', 1, '2020-07-07 23:37:41', '2020-07-07 23:37:41'),
(37, 'Depreciation Exp.', 1, '2020-07-07 23:38:46', '2020-07-07 23:38:46'),
(38, 'Computer Somity', 1, '2020-07-07 23:39:13', '2020-07-07 23:39:13'),
(39, 'Commission Exp.', 1, '2020-07-07 23:39:31', '2020-07-07 23:39:31'),
(40, 'Server Cost', 1, '2020-07-11 18:00:18', '2020-07-11 18:00:18'),
(41, 'Wages & Labor exp.', 1, '2020-07-11 18:40:21', '2020-07-11 18:40:21'),
(42, 'Tools & Spare', 1, '2020-07-11 21:01:02', '2020-07-11 21:01:02'),
(43, 'Earnest Money', 1, '2020-07-11 21:02:56', '2020-07-11 21:02:56'),
(44, 'Printing & Package', 1, '2020-07-11 21:36:28', '2020-07-11 21:36:28'),
(45, 'Vehicle Tracking exp.', 1, '2020-07-11 21:41:54', '2020-07-11 21:41:54'),
(46, 'Imprest Exp.', 1, '2020-07-12 18:27:43', '2020-07-12 18:27:43'),
(47, 'Prepaid Account', 1, '2020-07-12 21:53:46', '2020-07-12 21:53:46'),
(48, 'Business Promotion', 1, '2020-07-14 19:14:19', '2020-07-14 19:14:19'),
(49, 'Labor Charge', 1, '2020-07-18 18:52:29', '2020-07-18 18:52:29'),
(50, 'Automobiles', 1, '2020-07-19 00:01:09', '2020-07-19 00:02:49'),
(51, 'MBL 26097', 1, '2020-07-20 20:34:13', '2020-07-20 20:34:13'),
(52, 'Parking & Toll fee', 1, '2020-07-22 18:35:51', '2020-07-22 18:35:51');

-- --------------------------------------------------------

--
-- Table structure for table `migrations`
--

CREATE TABLE `migrations` (
  `id` int(10) UNSIGNED NOT NULL,
  `migration` varchar(191) COLLATE utf8mb4_unicode_ci NOT NULL,
  `batch` int(11) NOT NULL
) ENGINE=InnoDB DEFAULT CHARSET=utf8mb4 COLLATE=utf8mb4_unicode_ci;

--
-- Dumping data for table `migrations`
--

INSERT INTO `migrations` (`id`, `migration`, `batch`) VALUES
(1, '2014_07_18_000000_create_user_types_table', 1),
(3, '2014_10_12_100000_create_password_resets_table', 1),
(4, '2019_07_02_045919_create_companies_table', 1),
(5, '2019_07_02_090329_create_accounts_table', 1),
(7, '2019_07_09_073321_create_settings_table', 1),
(9, '2019_07_16_045710_create_admins_table', 1),
(24, '2019_07_08_110144_create_projects_table', 7),
(39, '2019_07_23_103847_create_user_profiles_table', 10),
(40, '2019_09_02_101952_create_permission_tables', 11),
(45, '2019_09_03_092746_create_project_user_table', 12),
(67, '2019_07_14_073439_create_payments_table', 20),
(69, '2019_07_31_043055_create_ammendments_table', 22),
(72, '2019_08_19_062344_create_vochers_table', 23),
(74, '2019_08_27_045240_create_payment_details_table', 24),
(76, '2019_09_08_093038_create_vocher_details_table', 25),
(77, '2014_10_12_000000_create_users_table', 26),
(78, '2020_06_02_070131_change_user_profiles_table', 27),
(79, '2020_06_03_070030_add_itemname_field_paymentdetails_table', 28),
(80, '2020_06_03_070030_add_disbursed_field_payments_table', 29),
(81, '2020_06_03_070030_add_project_id_field_payments_table', 30),
(82, '2020_06_09_053837_create_payment_settlements', 31),
(83, '2020_06_21_050833_create_payment_transfers_table', 32),
(84, '2020_06_21_070030_add_type_field_paymentsettlement_table', 32),
(85, '2020_06_23_070030_add_softdelete_field_multiple_table', 33),
(86, '2020_06_23_070031_add_payment_type_field_payments_table', 33),
(87, '2020_06_25_045635_create_documents_table', 34),
(88, '2020_06_16_061156_create_expenditure_sectors_table', 35),
(89, '2020_06_17_055239_create_vouchers_table', 35),
(90, '2020_06_17_055506_create_voucher_items_table', 35),
(91, '2020_06_26_045635_add_created_by_field_documents_table', 35),
(92, '2020_06_29_054144_create_payment_comments_table', 35),
(93, '2020_06_29_054150_remove_comments_column_payments_table', 35),
(94, '2020_07_04_053356_create_bank_and_branches_table', 36),
(95, '2020_07_04_0533635_add_bank_id_bank_and_branch_table', 36),
(96, '2020_07_04_054348_create_bank_accounts_table', 36),
(97, '2020_07_05_054348_add_column_companies_table', 36),
(98, '2020_07_05_054448_add_disbursed_schedule_date_column_payments_table', 36),
(99, '2020_07_14_110626_add_softdelete_field_vouchers_table', 37);

-- --------------------------------------------------------

--
-- Table structure for table `model_has_permissions`
--

CREATE TABLE `model_has_permissions` (
  `permission_id` int(10) UNSIGNED NOT NULL,
  `model_type` varchar(191) COLLATE utf8mb4_unicode_ci NOT NULL,
  `model_id` bigint(20) UNSIGNED NOT NULL
) ENGINE=InnoDB DEFAULT CHARSET=utf8mb4 COLLATE=utf8mb4_unicode_ci;

-- --------------------------------------------------------

--
-- Table structure for table `model_has_roles`
--

CREATE TABLE `model_has_roles` (
  `role_id` int(10) UNSIGNED NOT NULL,
  `model_type` varchar(191) COLLATE utf8mb4_unicode_ci NOT NULL,
  `model_id` bigint(20) UNSIGNED NOT NULL
) ENGINE=InnoDB DEFAULT CHARSET=utf8mb4 COLLATE=utf8mb4_unicode_ci;

--
-- Dumping data for table `model_has_roles`
--

INSERT INTO `model_has_roles` (`role_id`, `model_type`, `model_id`) VALUES
(4, 'App\\User', 1),
(10, 'App\\User', 1),
(5, 'App\\User', 2),
(13, 'App\\User', 3),
(5, 'App\\User', 4),
(13, 'App\\User', 5),
(3, 'App\\User', 6),
(12, 'App\\User', 7),
(4, 'App\\User', 8),
(10, 'App\\User', 8),
(11, 'App\\User', 8),
(12, 'App\\User', 9),
(13, 'App\\User', 10),
(13, 'App\\User', 11),
(14, 'App\\User', 12),
(5, 'App\\User', 13),
(5, 'App\\User', 14),
(15, 'App\\User', 15),
(12, 'App\\User', 16),
(14, 'App\\User', 17),
(13, 'App\\User', 18),
(13, 'App\\User', 19),
(13, 'App\\User', 20),
(13, 'App\\User', 21),
(13, 'App\\User', 22),
(13, 'App\\User', 23),
(13, 'App\\User', 24),
(14, 'App\\User', 25),
(14, 'App\\User', 26),
(14, 'App\\User', 27),
(14, 'App\\User', 28),
(13, 'App\\User', 29),
(13, 'App\\User', 30),
(13, 'App\\User', 35),
(13, 'App\\User', 36),
(14, 'App\\User', 37),
(14, 'App\\User', 38),
(13, 'App\\User', 39),
(13, 'App\\User', 40),
(14, 'App\\User', 41),
(14, 'App\\User', 42),
(14, 'App\\User', 43),
(13, 'App\\User', 44),
(13, 'App\\User', 45),
(13, 'App\\User', 46),
(4, 'App\\User', 52);

-- --------------------------------------------------------

--
-- Table structure for table `password_resets`
--

CREATE TABLE `password_resets` (
  `email` varchar(191) COLLATE utf8mb4_unicode_ci NOT NULL,
  `token` varchar(191) COLLATE utf8mb4_unicode_ci NOT NULL,
  `created_at` timestamp NULL DEFAULT NULL
) ENGINE=InnoDB DEFAULT CHARSET=utf8mb4 COLLATE=utf8mb4_unicode_ci;

-- --------------------------------------------------------

--
-- Table structure for table `payments`
--

CREATE TABLE `payments` (
  `id` int(10) UNSIGNED NOT NULL,
  `total_demand_amount` double(10,2) NOT NULL,
  `total_paid_amount` double(10,2) NOT NULL,
  `total_amendment_amount` decimal(10,2) NOT NULL DEFAULT '0.00',
  `company_id` int(10) UNSIGNED DEFAULT NULL,
  `project_id` int(10) UNSIGNED DEFAULT NULL,
  `user_id` int(10) UNSIGNED DEFAULT NULL,
  `created_by` int(10) UNSIGNED DEFAULT NULL,
  `verified_by` int(10) UNSIGNED DEFAULT NULL,
  `approved_by` int(10) UNSIGNED DEFAULT NULL,
  `disbursed_by` int(10) UNSIGNED DEFAULT NULL,
  `status` smallint(6) NOT NULL DEFAULT '1',
  `payment_type` smallint(6) NOT NULL DEFAULT '1',
  `verified_at` datetime DEFAULT NULL,
  `approved_at` datetime DEFAULT NULL,
  `disbursed_at` datetime DEFAULT NULL,
  `disbursed_schedule_date` datetime DEFAULT NULL,
  `payment_id` varchar(191) COLLATE utf8mb4_unicode_ci DEFAULT NULL,
  `filenames` varchar(191) COLLATE utf8mb4_unicode_ci DEFAULT NULL,
  `enable` tinyint(1) NOT NULL DEFAULT '1',
  `created_at` timestamp NULL DEFAULT NULL,
  `updated_at` timestamp NULL DEFAULT NULL
) ENGINE=InnoDB DEFAULT CHARSET=utf8mb4 COLLATE=utf8mb4_unicode_ci;

--
-- Dumping data for table `payments`
--

INSERT INTO `payments` (`id`, `total_demand_amount`, `total_paid_amount`, `total_amendment_amount`, `company_id`, `project_id`, `user_id`, `created_by`, `verified_by`, `approved_by`, `disbursed_by`, `status`, `payment_type`, `verified_at`, `approved_at`, `disbursed_at`, `disbursed_schedule_date`, `payment_id`, `filenames`, `enable`, `created_at`, `updated_at`) VALUES
(39, 50000.00, 50000.00, '0.00', 2, 27, 17, 8, 7, 8, 6, 4, 1, '2020-06-24 06:56:42', '2020-06-24 07:21:51', '2020-06-24 07:38:24', '2020-06-24 04:27:09', '06200039', NULL, 1, '2020-06-24 11:27:09', '2020-06-24 14:38:24'),
(40, 68245.00, 68245.00, '0.00', 2, 27, 18, 7, 7, 8, 6, 4, 1, '2020-06-24 07:28:38', '2020-06-24 08:27:49', '2020-06-24 08:45:27', '2020-06-24 04:30:41', '06200040', NULL, 1, '2020-06-24 11:30:41', '2020-06-24 15:45:27'),
(41, 73500.00, 73500.00, '0.00', 2, 20, 18, 8, 7, 8, 6, 5, 1, '2020-06-24 06:57:00', '2020-06-24 07:28:12', '2020-06-27 06:17:12', '2020-06-24 04:30:41', '06200041', NULL, 1, '2020-06-24 11:30:41', '2020-07-15 18:24:32'),
(42, 22000.00, 22000.00, '0.00', 5, 2, 18, 8, 7, 8, 6, 6, 1, '2020-06-24 07:26:54', '2020-06-24 07:28:23', '2020-06-24 10:39:07', '2020-06-24 04:32:33', '06200042', NULL, 1, '2020-06-24 11:32:33', '2020-07-15 18:22:20'),
(43, 3000.00, 3000.00, '0.00', 5, 6, 20, 8, 7, 8, 6, 4, 1, '2020-06-24 06:57:09', '2020-06-24 07:28:30', '2020-06-24 07:38:55', '2020-06-24 05:37:34', '06200043', NULL, 1, '2020-06-24 12:37:34', '2020-06-24 14:38:55'),
(47, 15800.00, 15800.00, '0.00', 2, 1, 21, 4, 7, 8, 6, 4, 1, '2020-06-24 07:58:15', '2020-06-24 12:13:31', '2020-06-25 08:58:33', '2020-06-24 07:42:50', '06200047', NULL, 1, '2020-06-24 14:42:50', '2020-06-25 15:58:33'),
(48, 9200.00, 9200.00, '0.00', 5, 2, 21, 1, 1, 1, 6, 4, 1, '2020-06-25 07:39:02', '2020-06-25 07:39:09', '2020-06-25 08:59:08', '2020-06-24 07:46:22', '06200048', NULL, 1, '2020-06-24 14:46:22', '2020-06-25 15:59:08'),
(49, 15000.00, 15000.00, '0.00', 9, 29, 23, 4, 8, 8, 6, 6, 1, '2020-06-24 08:34:13', '2020-06-24 08:34:17', '2020-06-24 08:47:14', '2020-06-24 08:15:41', '06200049', NULL, 1, '2020-06-24 15:15:41', '2020-06-29 15:43:43'),
(50, 1000.00, 1000.00, '0.00', 2, 9, 22, 4, 8, 8, 6, 4, 1, '2020-06-24 08:32:33', '2020-06-24 08:32:39', '2020-06-24 09:41:14', '2020-06-24 08:16:30', '06200050', NULL, 1, '2020-06-24 15:16:30', '2020-06-24 16:41:14'),
(51, 3000.00, 3000.00, '0.00', 11, 40, 11, 1, 1, 1, 1, 5, 1, '2020-06-25 04:19:28', '2020-06-25 04:19:34', '2020-06-25 04:19:46', '2020-06-25 04:18:48', '06200051', NULL, 1, '2020-06-25 11:18:48', '2020-06-25 11:19:55'),
(52, 0.00, 0.00, '0.00', 2, 12, 7, 7, NULL, NULL, NULL, 0, 1, NULL, NULL, NULL, '2020-06-25 05:18:13', NULL, NULL, 1, '2020-06-25 12:18:13', '2020-06-25 12:18:13'),
(53, 0.00, 0.00, '0.00', 2, 12, 7, 7, NULL, NULL, NULL, 0, 1, NULL, NULL, NULL, '2020-06-25 05:18:47', NULL, NULL, 1, '2020-06-25 12:18:47', '2020-06-25 12:18:47'),
(54, 0.00, 0.00, '0.00', 2, 12, 7, 7, NULL, NULL, NULL, 0, 1, NULL, NULL, NULL, '2020-06-25 05:43:06', NULL, NULL, 1, '2020-06-25 12:43:06', '2020-06-25 12:43:06'),
(55, 9192.00, 9192.00, '0.00', 2, 11, 29, 4, 7, 8, 6, 4, 1, '2020-06-25 09:08:38', '2020-06-28 02:28:27', '2020-06-28 07:05:28', '2020-06-25 07:16:47', '06200055', NULL, 1, '2020-06-25 14:16:47', '2020-06-28 14:05:28'),
(56, 10104.00, 10104.00, '0.00', 2, 12, 29, 4, 7, 8, 6, 4, 1, '2020-06-25 09:08:43', '2020-06-28 02:28:24', '2020-06-28 07:06:11', '2020-06-25 07:46:40', '06200056', NULL, 1, '2020-06-25 14:46:40', '2020-06-28 14:06:11'),
(57, 18044.00, 18044.00, '0.00', 2, 9, 30, 4, 7, 8, 6, 4, 1, '2020-06-25 09:08:50', '2020-06-28 02:28:21', '2020-06-28 07:11:06', '2020-06-25 07:47:28', '06200057', NULL, 1, '2020-06-25 14:47:28', '2020-06-28 14:11:06'),
(58, 15578.00, 15578.00, '0.00', 2, 10, 30, 4, 7, 8, 6, 4, 1, '2020-06-25 09:08:54', '2020-06-28 02:28:18', '2020-06-28 07:11:17', '2020-06-25 07:48:17', '06200058', NULL, 1, '2020-06-25 14:48:17', '2020-06-28 14:11:17'),
(61, 7000.00, 7000.00, '0.00', 11, 40, 11, 1, 1, 1, 1, 5, 1, '2020-07-07 19:29:04', '2020-07-07 19:29:07', '2020-07-07 19:29:18', '2020-06-25 08:35:38', '06200061', NULL, 1, '2020-06-25 15:35:38', '2020-07-08 02:29:35'),
(62, 4000.00, 4000.00, '0.00', 11, 41, 11, 1, NULL, NULL, NULL, 1, 1, NULL, NULL, NULL, '2020-06-25 08:35:38', '06200062', NULL, 1, '2020-06-25 15:35:38', '2020-06-25 15:35:49'),
(65, 23763.00, 23763.00, '0.00', 2, 14, 18, 7, 7, 8, 6, 4, 1, '2020-07-05 04:09:37', '2020-07-05 05:45:54', '2020-07-06 08:01:14', '2020-06-27 07:21:07', '06200065', NULL, 1, '2020-06-27 14:21:07', '2020-07-06 15:01:14'),
(66, 80000.00, 80000.00, '0.00', 2, 20, 18, 4, 7, 8, 6, 6, 1, '2020-06-28 05:30:51', '2020-06-28 12:29:01', '2020-06-30 08:28:47', '2020-06-27 07:23:11', '06200066', NULL, 1, '2020-06-27 14:23:11', '2020-07-11 22:47:19'),
(67, 310999.00, 310999.00, '0.00', 2, 20, 18, 4, NULL, NULL, NULL, 1, 1, '2020-07-08 12:17:18', NULL, NULL, '2020-07-10 13:59:03', '06200067', NULL, 1, '2020-06-27 14:24:45', '2020-07-10 20:59:03'),
(70, 5000.00, 5000.00, '0.00', 2, 27, 24, 4, 7, 8, 6, 4, 1, '2020-06-29 06:25:23', '2020-06-29 09:05:01', '2020-06-29 09:07:07', '2020-06-27 07:43:31', '06200070', NULL, 1, '2020-06-27 14:43:31', '2020-06-29 16:07:07'),
(71, 12716.00, 12716.00, '0.00', 2, 9, 30, 4, NULL, NULL, NULL, 1, 1, NULL, NULL, NULL, '2020-06-27 11:12:00', '06200071', NULL, 1, '2020-06-27 18:12:00', '2020-06-27 18:12:04'),
(72, 22500.00, 22500.00, '0.00', 5, 8, 4, 4, 7, 8, 6, 4, 1, '2020-06-28 08:05:11', '2020-06-28 08:59:26', '2020-06-28 09:03:08', '2020-06-28 05:29:54', '06200072', NULL, 1, '2020-06-28 12:29:54', '2020-06-28 16:03:08'),
(73, 100000.00, 100000.00, '0.00', 5, 8, 7, 7, 7, 8, 6, 4, 1, '2020-06-28 07:58:28', '2020-06-28 08:59:29', '2020-06-29 06:13:36', '2020-06-28 07:57:38', '06200073', NULL, 1, '2020-06-28 14:57:38', '2020-06-29 13:13:36'),
(74, 15000.00, 15000.00, '0.00', 2, 1, 25, 4, 8, 8, 6, 4, 1, '2020-06-28 11:03:14', '2020-06-28 11:03:20', '2020-06-28 11:18:16', '2020-06-28 09:58:52', '06200074', NULL, 1, '2020-06-28 16:58:52', '2020-06-28 18:18:16'),
(76, 0.00, 0.00, '0.00', 2, 14, 18, 7, NULL, NULL, NULL, 0, 1, NULL, NULL, NULL, '2020-06-29 03:42:35', NULL, NULL, 1, '2020-06-29 10:42:35', '2020-06-29 10:42:35'),
(77, 0.00, 0.00, '0.00', 2, 14, 18, 7, NULL, NULL, NULL, 0, 1, NULL, NULL, NULL, '2020-06-29 03:43:07', NULL, NULL, 1, '2020-06-29 10:43:07', '2020-06-29 10:43:07'),
(78, 0.00, 0.00, '0.00', 2, 14, 18, 7, NULL, NULL, NULL, 0, 1, NULL, NULL, NULL, '2020-06-29 03:43:21', NULL, NULL, 1, '2020-06-29 10:43:21', '2020-06-29 10:43:21'),
(79, 3.00, 3.00, '0.00', 2, 7, 13, 8, NULL, NULL, NULL, 0, 1, NULL, NULL, NULL, '2020-06-29 04:31:41', '06200079', NULL, 1, '2020-06-29 11:31:41', '2020-06-29 11:31:41'),
(80, 0.00, 0.00, '0.00', 2, 14, 7, 7, NULL, NULL, NULL, 0, 1, NULL, NULL, NULL, '2020-06-29 05:07:01', NULL, NULL, 1, '2020-06-29 12:07:01', '2020-06-29 12:07:01'),
(81, 0.00, 0.00, '0.00', 2, 14, 7, 7, NULL, NULL, NULL, 0, 1, NULL, NULL, NULL, '2020-06-29 05:25:18', NULL, NULL, 1, '2020-06-29 12:25:18', '2020-06-29 12:25:18'),
(82, 88800.00, 88800.00, '0.00', 2, 14, 18, 4, 7, 8, 6, 4, 1, '2020-06-29 06:10:19', '2020-06-29 07:52:28', '2020-06-29 07:59:02', '2020-06-29 05:31:56', '06200082', NULL, 1, '2020-06-29 12:31:56', '2020-06-29 14:59:02'),
(84, 100000.00, 100000.00, '0.00', 2, 27, 36, 4, 7, 8, 6, 4, 1, '2020-06-29 06:25:30', '2020-06-29 07:52:32', '2020-06-29 07:58:46', '2020-06-29 06:24:43', '06200084', NULL, 1, '2020-06-29 13:24:43', '2020-06-29 14:58:46'),
(85, 0.00, 0.00, '0.00', 5, 8, 18, 7, NULL, NULL, NULL, 0, 1, NULL, NULL, NULL, '2020-06-29 07:24:08', NULL, NULL, 1, '2020-06-29 14:24:08', '2020-06-29 14:24:08'),
(86, 0.00, 0.00, '0.00', 5, 8, 18, 7, NULL, NULL, NULL, 0, 1, NULL, NULL, NULL, '2020-06-29 07:25:11', NULL, NULL, 1, '2020-06-29 14:25:11', '2020-06-29 14:25:11'),
(87, 0.00, 0.00, '0.00', 5, 8, 18, 7, NULL, NULL, NULL, 0, 1, NULL, NULL, NULL, '2020-06-29 07:40:55', NULL, NULL, 1, '2020-06-29 14:40:55', '2020-06-29 14:40:55'),
(88, 11000.00, 11000.00, '0.00', 5, 8, 18, 7, 7, 8, 6, 4, 1, '2020-06-29 07:48:12', '2020-06-29 07:52:51', '2020-06-29 07:58:10', '2020-06-29 07:41:56', '06200088', NULL, 1, '2020-06-29 14:41:56', '2020-06-29 14:58:10'),
(89, 10000.00, 10000.00, '0.00', 5, 8, 4, 8, 8, 8, 6, 4, 1, '2020-06-30 09:31:29', '2020-06-30 09:31:33', '2020-07-01 05:21:32', '2020-06-30 05:25:33', '06200089', NULL, 1, '2020-06-30 12:25:33', '2020-07-01 12:21:32'),
(90, 1000.00, 1000.00, '0.00', 2, 9, 22, 4, 7, NULL, NULL, 2, 1, '2020-07-02 03:59:29', NULL, NULL, '2020-06-30 05:34:43', '06200090', NULL, 1, '2020-06-30 12:34:43', '2020-07-02 10:59:29'),
(91, 20000.00, 20000.00, '0.00', 2, 42, 39, 4, 8, 8, 6, 6, 1, '2020-07-01 10:16:20', '2020-07-01 10:16:24', '2020-07-01 10:19:53', '2020-07-01 08:26:23', '07200091', NULL, 1, '2020-07-01 15:26:23', '2020-07-09 16:56:31'),
(92, 35000.00, 35000.00, '0.00', 2, 27, 18, 4, 8, 8, 6, 4, 1, '2020-07-01 11:56:05', '2020-07-01 11:56:11', '2020-07-06 08:00:42', '2020-07-01 08:27:36', '07200092', NULL, 1, '2020-07-01 15:27:36', '2020-07-06 15:00:42'),
(94, 279350.00, 279350.00, '0.00', 2, 12, 29, 7, 7, 8, 6, 4, 1, '2020-07-02 04:24:54', '2020-07-02 07:17:09', '2020-07-02 07:27:54', '2020-07-02 04:10:00', '07200094', NULL, 1, '2020-07-02 11:10:00', '2020-07-02 14:27:54'),
(95, 278000.00, 278000.00, '0.00', 2, 11, 29, 7, 7, 8, 6, 4, 1, '2020-07-02 07:11:51', '2020-07-02 07:16:15', '2020-07-02 07:26:56', '2020-07-02 04:12:03', '07200095', NULL, 1, '2020-07-02 11:12:03', '2020-07-02 14:26:56'),
(96, 238935.00, 238935.00, '0.00', 2, 9, 30, 7, 7, 8, 6, 4, 1, '2020-07-02 06:19:00', '2020-07-02 07:15:30', '2020-07-02 07:25:48', '2020-07-02 05:29:25', '07200096', NULL, 1, '2020-07-02 12:29:25', '2020-07-02 14:25:48'),
(97, 200000.00, 200000.00, '0.00', 2, 10, 30, 7, 7, 8, 6, 4, 1, '2020-07-02 06:19:05', '2020-07-02 07:14:53', '2020-07-02 07:25:04', '2020-07-02 06:17:41', '07200097', NULL, 1, '2020-07-02 13:17:41', '2020-07-02 14:25:04'),
(98, 16800.00, 16800.00, '0.00', 5, 2, 21, 4, 7, 8, 6, 4, 1, '2020-07-05 04:03:48', '2020-07-05 04:59:34', '2020-07-05 11:05:28', '2020-07-02 08:18:09', '07200098', NULL, 1, '2020-07-02 15:18:09', '2020-07-05 18:05:28'),
(99, 5000.00, 5000.00, '0.00', 2, 1, 21, 13, 7, 8, 6, 4, 1, '2020-07-08 12:03:46', '2020-07-08 12:18:13', '2020-07-08 17:04:36', '2020-07-02 08:19:15', '07200099', NULL, 1, '2020-07-02 15:19:15', '2020-07-09 00:04:36'),
(100, 100000.00, 100000.00, '0.00', 2, 27, 27, 4, 8, 8, 6, 4, 1, '2020-07-03 05:35:06', '2020-07-03 05:35:13', '2020-07-04 03:27:28', '2020-07-02 11:03:58', '07200100', NULL, 1, '2020-07-02 18:03:58', '2020-07-04 10:27:28'),
(101, 50000.00, 50000.00, '0.00', 2, 27, 17, 4, 8, 8, 6, 4, 1, '2020-07-03 05:35:26', '2020-07-03 05:35:32', '2020-07-04 03:26:28', '2020-07-02 11:04:49', '07200101', NULL, 1, '2020-07-02 18:04:49', '2020-07-04 10:26:28'),
(102, 80000.00, 80000.00, '0.00', 2, 27, 4, 4, 8, 8, 6, 4, 1, '2020-07-03 05:35:50', '2020-07-03 05:35:54', '2020-07-04 03:27:18', '2020-07-02 11:08:09', '07200102', NULL, 1, '2020-07-02 18:08:09', '2020-07-04 10:27:18'),
(103, 67000.00, 67000.00, '0.00', 2, 20, 18, 7, 7, 8, 6, 4, 1, '2020-07-05 04:08:04', '2020-07-05 05:44:47', '2020-07-06 08:00:18', '2020-07-05 04:07:41', '07200103', NULL, 1, '2020-07-05 11:07:41', '2020-07-06 15:00:18'),
(104, 1500.00, 1500.00, '0.00', 2, 5, 13, 13, NULL, NULL, NULL, 0, 1, NULL, NULL, NULL, '2020-07-05 04:33:08', '07200104', NULL, 1, '2020-07-05 11:33:08', '2020-07-05 11:33:08'),
(105, 40000.00, 40000.00, '0.00', 2, 10, 30, 7, 7, 8, NULL, 3, 1, '2020-07-05 05:16:49', '2020-07-05 05:43:59', NULL, '2020-07-05 05:15:37', '07200105', NULL, 1, '2020-07-05 12:15:37', '2020-07-05 12:43:59'),
(106, 30000.00, 30000.00, '0.00', 3, 37, 40, 16, 16, 8, 6, 6, 1, '2020-07-06 07:43:02', '2020-07-06 08:51:59', '2020-07-07 07:24:26', '2020-07-06 07:39:39', '07200106', NULL, 1, '2020-07-06 14:39:39', '2020-07-14 18:05:42'),
(107, 1500.00, 1500.00, '0.00', 2, 5, 4, 4, 7, 8, 6, 6, 1, '2020-07-06 07:54:58', '2020-07-06 08:52:21', '2020-07-07 07:23:32', '2020-07-06 07:47:12', '07200107', NULL, 1, '2020-07-06 14:47:12', '2020-07-14 18:02:32'),
(108, 1500.00, 1500.00, '0.00', 5, 6, 4, 4, 7, 8, 6, 6, 1, '2020-07-06 07:54:52', '2020-07-06 08:52:17', '2020-07-07 07:22:50', '2020-07-06 07:50:37', '07200108', NULL, 1, '2020-07-06 14:50:37', '2020-07-14 18:02:00'),
(109, 9300.00, 9300.00, '0.00', 2, 1, 21, 4, 7, 8, 6, 4, 1, '2020-07-08 12:03:42', '2020-07-08 12:12:56', '2020-07-08 17:01:00', '2020-07-06 10:48:32', '07200109', NULL, 1, '2020-07-06 17:48:32', '2020-07-09 00:01:00'),
(110, 9300.00, 9300.00, '0.00', 5, 2, 21, 4, 7, 8, 6, 4, 1, '2020-07-08 12:03:36', '2020-07-08 12:12:52', '2020-07-08 17:00:23', '2020-07-06 10:52:45', '07200110', NULL, 1, '2020-07-06 17:52:45', '2020-07-09 00:00:23'),
(111, 100000.00, 100000.00, '0.00', 2, 1, 25, 4, 7, 8, 6, 4, 1, '2020-07-08 12:03:32', '2020-07-08 12:12:48', '2020-07-08 15:22:58', '2020-07-08 11:37:23', '07200111', NULL, 1, '2020-07-08 18:37:14', '2020-07-08 22:22:58'),
(112, 100000.00, 100000.00, '0.00', 2, 1, 26, 4, 7, 8, 6, 4, 1, '2020-07-08 12:03:28', '2020-07-08 12:12:45', '2020-07-08 13:32:24', '2020-07-08 11:39:46', '07200112', NULL, 1, '2020-07-08 18:39:32', '2020-07-08 20:32:24'),
(113, 8500.00, 8500.00, '0.00', 5, 2, 21, 4, 7, 8, 6, 4, 1, '2020-07-08 12:03:24', '2020-07-08 12:12:27', '2020-07-08 17:00:00', '2020-07-08 11:43:45', '07200113', NULL, 1, '2020-07-08 18:43:33', '2020-07-09 00:00:00'),
(114, 150000.00, 150000.00, '0.00', 2, 20, 38, 4, 7, 8, 6, 4, 1, '2020-07-08 12:03:20', '2020-07-08 12:12:22', '2020-07-08 12:39:49', '2020-07-08 11:45:18', '07200114', NULL, 1, '2020-07-08 18:44:49', '2020-07-08 19:39:49'),
(115, 250000.00, 250000.00, '0.00', 2, 14, 7, 4, NULL, NULL, NULL, 0, 1, NULL, NULL, NULL, '2020-07-08 11:50:59', '07200115', NULL, 1, '2020-07-08 18:50:59', '2020-07-08 18:50:59'),
(116, 200000.00, 200000.00, '0.00', 2, 27, 27, 8, 7, 8, 6, 4, 1, '2020-07-08 12:03:17', '2020-07-08 12:12:13', '2020-07-08 13:35:15', '2020-07-08 11:57:51', '07200116', NULL, 1, '2020-07-08 18:54:12', '2020-07-08 20:35:15'),
(117, 6000.00, 6000.00, '0.00', 2, 14, 18, 4, 7, 8, 6, 4, 1, '2020-07-08 12:03:12', '2020-07-08 12:11:21', '2020-07-08 13:47:04', '2020-07-08 11:55:57', '07200117', NULL, 1, '2020-07-08 18:54:54', '2020-07-08 20:47:04'),
(118, 8000.00, 8000.00, '0.00', 2, 1, 18, 4, 7, 8, 6, 4, 1, '2020-07-08 12:03:08', '2020-07-08 12:11:09', '2020-07-09 11:49:59', '2020-07-08 11:58:55', '07200118', NULL, 1, '2020-07-08 18:58:52', '2020-07-09 18:49:59'),
(119, 16200.00, 16200.00, '0.00', 10, 26, 19, 4, 7, 8, 6, 4, 1, '2020-07-08 12:02:58', '2020-07-08 12:11:17', '2020-07-08 14:54:59', '2020-07-08 11:59:55', '07200119', NULL, 1, '2020-07-08 18:59:52', '2020-07-08 21:54:59'),
(120, 100000.00, 100000.00, '0.00', 2, 27, 36, 4, 7, 8, 6, 4, 1, '2020-07-08 12:03:03', '2020-07-14 13:18:18', '2020-07-14 13:39:32', '2020-07-08 12:01:48', '07200120', NULL, 1, '2020-07-08 19:01:44', '2020-07-14 20:39:32'),
(122, 81500.00, 81500.00, '0.00', 2, 1, 43, 4, 7, 8, 6, 4, 1, '2020-07-08 13:25:11', '2020-07-08 13:46:37', '2020-07-08 15:22:25', '2020-07-08 12:48:15', '07200122', NULL, 1, '2020-07-08 19:48:08', '2020-07-08 22:22:25'),
(123, 20000.00, 20000.00, '0.00', 2, 1, 41, 4, 7, 8, 6, 4, 1, '2020-07-08 13:25:04', '2020-07-08 13:46:40', '2020-07-08 15:00:25', '2020-07-08 12:50:08', '07200123', NULL, 1, '2020-07-08 19:49:48', '2020-07-08 22:00:25'),
(124, 200000.00, 200000.00, '0.00', 2, 14, 42, 4, 7, 8, 6, 4, 1, '2020-07-08 13:24:56', '2020-07-08 13:46:43', '2020-07-14 13:39:47', '2020-07-14 13:30:00', '07200124', NULL, 1, '2020-07-08 19:50:46', '2020-07-14 20:39:47'),
(125, 39000.00, 39000.00, '0.00', 2, 27, 35, 4, 7, 8, 6, 4, 1, '2020-07-09 12:46:48', '2020-07-09 15:55:24', '2020-07-09 16:57:21', '2020-07-09 12:25:17', '07200125', NULL, 1, '2020-07-08 20:33:33', '2020-07-09 23:57:21'),
(126, 10200.00, 10200.00, '0.00', 5, 24, 18, 4, 7, 8, 6, 4, 1, '2020-07-09 12:46:30', '2020-07-09 15:55:44', '2020-07-09 16:58:04', '2020-07-09 11:56:10', '07200126', NULL, 1, '2020-07-09 18:56:05', '2020-07-09 23:58:04'),
(127, 10500.00, 10500.00, '0.00', 2, 23, 18, 4, 7, 8, 6, 4, 1, '2020-07-09 12:46:18', '2020-07-09 16:55:21', '2020-07-09 16:57:40', '2020-07-09 11:58:33', '07200127', NULL, 1, '2020-07-09 18:58:29', '2020-07-09 23:57:40'),
(128, 50000.00, 50000.00, '0.00', 2, 27, 27, 4, 7, 8, 6, 4, 1, '2020-07-09 12:45:48', '2020-07-09 12:58:40', '2020-07-09 16:56:38', '2020-07-09 12:22:38', '07200128', NULL, 1, '2020-07-09 19:22:25', '2020-07-09 23:56:38'),
(129, 40000.00, 40000.00, '0.00', 2, 7, 18, 4, 8, 8, 6, 4, 1, '2020-07-09 16:56:21', '2020-07-09 16:56:27', '2020-07-11 12:28:05', '2020-07-09 16:18:51', '07200129', NULL, 1, '2020-07-09 23:18:45', '2020-07-11 19:28:05'),
(130, 0.00, 0.00, '0.00', 2, NULL, 18, 4, NULL, NULL, NULL, 1, 1, NULL, NULL, NULL, '2020-07-13 11:47:49', '07200130', NULL, 1, '2020-07-11 19:49:47', '2020-07-13 18:47:49'),
(131, 51500.00, 51500.00, '0.00', 2, 27, 35, 4, 7, 8, 6, 4, 1, '2020-07-13 12:44:25', '2020-07-13 16:33:47', '2020-07-14 13:35:42', '2020-07-13 11:30:21', '07200131', NULL, 1, '2020-07-13 18:30:16', '2020-07-14 20:35:42'),
(132, 15000.00, 15000.00, '0.00', 2, 27, 35, 4, 7, 8, 6, 4, 1, '2020-07-13 12:42:58', '2020-07-13 16:33:52', '2020-07-14 13:35:31', '2020-07-13 11:34:19', '07200132', NULL, 1, '2020-07-13 18:33:58', '2020-07-14 20:35:31'),
(133, 168000.00, 168000.00, '0.00', 2, 20, 18, 8, 7, 8, NULL, 3, 1, '2020-07-13 12:43:31', '2020-07-13 16:35:20', NULL, '2020-07-13 16:36:32', '07200133', NULL, 1, '2020-07-13 18:59:18', '2020-07-13 23:36:32'),
(134, 2800.00, 2800.00, '0.00', 2, 1, 18, 4, 7, 8, 6, 4, 1, '2020-07-13 12:43:49', '2020-07-14 13:18:40', '2020-07-19 15:14:04', '2020-07-13 11:59:31', '07200134', NULL, 1, '2020-07-13 18:59:18', '2020-07-19 22:14:04'),
(135, 1700.00, 1700.00, '0.00', 2, 5, 18, 4, 7, 8, 6, 4, 1, '2020-07-13 12:44:03', '2020-07-14 13:18:43', '2020-07-19 15:14:28', '2020-07-13 11:59:31', '07200135', NULL, 1, '2020-07-13 18:59:18', '2020-07-19 22:14:28'),
(136, 50000.00, 50000.00, '0.00', 2, 27, 4, 4, 8, 8, 6, 4, 1, '2020-07-15 14:30:52', '2020-07-15 14:30:55', '2020-07-15 17:11:33', '2020-07-15 11:47:52', '07200136', NULL, 1, '2020-07-15 18:47:48', '2020-07-16 00:11:33'),
(137, 19500.00, 19500.00, '0.00', 2, 7, 4, 4, 8, 8, 6, 4, 1, '2020-07-15 16:41:28', '2020-07-15 16:41:32', '2020-07-16 14:16:06', '2020-07-15 15:40:21', '07200137', NULL, 1, '2020-07-15 22:40:15', '2020-07-16 21:16:06'),
(138, 26900.00, 26900.00, '0.00', 2, 21, 4, 4, 7, 8, 6, 4, 1, '2020-07-16 13:17:03', '2020-07-16 13:18:40', '2020-07-16 14:12:36', '2020-07-16 13:52:56', '07200138', NULL, 1, '2020-07-16 18:49:21', '2020-07-16 21:12:36'),
(139, 6000.00, 6000.00, '0.00', 2, 12, 29, 7, 7, 8, 6, 4, 1, '2020-07-16 12:36:51', '2020-07-16 13:56:18', '2020-07-16 14:14:53', '2020-07-16 12:36:14', '07200139', NULL, 1, '2020-07-16 19:35:48', '2020-07-16 21:14:53'),
(140, 30000.00, 30000.00, '0.00', 2, 7, 18, 7, 7, 8, NULL, 3, 1, '2020-07-16 13:34:18', '2020-07-16 13:55:19', NULL, '2020-07-18 00:00:00', '07200140', NULL, 1, '2020-07-16 20:33:06', '2020-07-16 20:55:19'),
(142, 4000.00, 4000.00, '0.00', 2, 7, 14, 4, 7, 8, 6, 4, 1, '2020-07-18 12:43:04', '2020-07-18 17:12:28', '2020-07-22 12:37:51', '2020-07-16 15:07:03', '07200142', NULL, 1, '2020-07-16 22:06:59', '2020-07-22 19:37:51'),
(143, 7000.00, 7000.00, '0.00', 2, 58, 40, 7, 7, 8, NULL, 3, 1, '2020-07-18 15:11:41', '2020-07-18 17:12:01', NULL, '2020-12-07 00:00:00', '07200143', NULL, 1, '2020-07-18 22:10:35', '2020-07-19 00:12:01'),
(144, 63500.00, 63500.00, '0.00', 2, 27, 35, 4, 7, NULL, NULL, 2, 1, '2020-07-20 11:26:34', NULL, NULL, '2020-07-19 09:38:44', '07200144', NULL, 1, '2020-07-19 16:38:40', '2020-07-20 18:26:34'),
(145, 100000.00, 100000.00, '0.00', 2, 27, 36, 4, 7, NULL, NULL, 2, 1, '2020-07-20 11:26:14', NULL, NULL, '2020-07-19 09:39:47', '07200145', NULL, 1, '2020-07-19 16:39:44', '2020-07-20 18:26:14'),
(146, 3500.00, 3500.00, '0.00', 2, 14, 18, 4, 7, 8, NULL, 3, 1, '2020-07-20 11:26:04', '2020-07-22 09:21:52', NULL, '2020-07-19 12:30:53', '07200146', NULL, 1, '2020-07-19 19:30:49', '2020-07-22 16:21:52'),
(147, 79000.00, 79000.00, '0.00', 2, 7, 18, 4, NULL, NULL, NULL, 1, 1, NULL, NULL, NULL, '2020-07-21 09:35:54', '07200147', NULL, 1, '2020-07-19 20:26:51', '2020-07-21 16:35:54'),
(148, 81000.00, 81000.00, '0.00', 2, 9, 29, 7, 7, 8, 6, 4, 1, '2020-07-19 15:47:29', '2020-07-20 11:48:55', '2020-07-20 12:36:08', '2020-07-19 15:33:46', '07200148', NULL, 1, '2020-07-19 22:27:08', '2020-07-20 19:36:08'),
(149, 16365.00, 16365.00, '0.00', 2, 9, 29, 7, 7, 8, 6, 4, 1, '2020-07-19 15:47:23', '2020-07-20 11:49:08', '2020-07-20 12:35:50', '2020-07-19 15:28:24', '07200149', NULL, 1, '2020-07-19 22:28:20', '2020-07-20 19:35:50'),
(150, 160000.00, 160000.00, '0.00', 2, 9, 29, 7, 7, 8, 6, 4, 1, '2020-07-19 15:47:17', '2020-07-20 11:50:07', '2020-07-20 12:35:31', '2020-07-19 15:38:16', '07200150', NULL, 1, '2020-07-19 22:29:27', '2020-07-20 19:35:31'),
(151, 135000.00, 135000.00, '0.00', 2, 10, 29, 7, 7, 8, 6, 4, 1, '2020-07-19 15:47:13', '2020-07-20 11:50:20', '2020-07-20 12:35:11', '2020-07-19 15:45:48', '07200151', NULL, 1, '2020-07-19 22:45:44', '2020-07-20 19:35:11'),
(152, 11005.00, 11005.00, '0.00', 2, 10, 29, 7, 7, 8, 6, 4, 1, '2020-07-19 15:47:08', '2020-07-20 11:50:27', '2020-07-20 12:34:51', '2020-07-19 15:46:46', '07200152', NULL, 1, '2020-07-19 22:46:39', '2020-07-20 19:34:51'),
(153, 85000.00, 85000.00, '0.00', 2, 10, 29, 7, 7, 8, 6, 4, 1, '2020-07-19 15:49:22', '2020-07-20 11:50:37', '2020-07-20 12:34:31', '2020-07-20 12:03:57', '07200153', NULL, 1, '2020-07-19 22:49:08', '2020-07-20 19:34:31'),
(154, 163000.00, 163000.00, '0.00', 2, 11, 29, 7, 7, 8, 6, 4, 1, '2020-07-20 11:41:42', '2020-07-20 11:50:58', '2020-07-20 12:33:52', '2020-07-20 11:29:13', '07200154', NULL, 1, '2020-07-20 18:29:00', '2020-07-20 19:33:52'),
(155, 90000.00, 90000.00, '0.00', 2, 11, 29, 7, 8, 8, 6, 4, 1, '2020-07-20 11:48:17', '2020-07-20 11:51:02', '2020-07-20 12:33:26', '2020-07-20 12:00:06', '07200155', NULL, 1, '2020-07-20 18:32:16', '2020-07-20 19:33:26'),
(156, 12651.00, 12651.00, '0.00', 2, 11, 29, 7, 7, 8, 6, 4, 1, '2020-07-20 11:40:51', '2020-07-20 12:23:08', '2020-07-20 12:32:59', '2020-07-20 11:34:16', '07200156', NULL, 1, '2020-07-20 18:34:04', '2020-07-20 19:32:59'),
(157, 17434.00, 17434.00, '0.00', 2, 12, 29, 7, 7, 8, 6, 4, 1, '2020-07-20 11:40:41', '2020-07-20 12:23:03', '2020-07-20 12:31:58', '2020-07-20 11:35:47', '07200157', NULL, 1, '2020-07-20 18:35:38', '2020-07-20 19:31:58'),
(158, 90000.00, 90000.00, '0.00', 2, 12, 29, 7, 7, NULL, NULL, 2, 1, '2020-07-20 11:40:31', NULL, NULL, '2020-07-20 11:36:57', '07200158', NULL, 1, '2020-07-20 18:36:47', '2020-07-20 18:40:31'),
(159, 180000.00, 180000.00, '0.00', 2, 12, 29, 7, 7, NULL, NULL, 2, 1, '2020-07-20 11:40:14', NULL, NULL, '2020-07-20 11:39:42', '07200159', NULL, 1, '2020-07-20 18:39:31', '2020-07-20 18:40:14'),
(160, 78700.00, 78700.00, '0.00', 2, 27, 35, 4, NULL, NULL, NULL, 1, 1, NULL, NULL, NULL, '2020-07-21 12:28:24', '07200160', NULL, 1, '2020-07-21 19:10:56', '2020-07-21 19:28:24'),
(161, 100000.00, 100000.00, '0.00', 2, 27, 17, 4, NULL, NULL, NULL, 1, 1, NULL, NULL, NULL, '2020-07-21 12:29:38', '07200161', NULL, 1, '2020-07-21 19:29:34', '2020-07-21 19:29:38'),
(162, 100000.00, 100000.00, '0.00', 2, 20, 17, 4, NULL, NULL, NULL, 1, 1, NULL, NULL, NULL, '2020-07-21 12:29:38', '07200162', NULL, 1, '2020-07-21 19:29:34', '2020-07-21 19:29:38'),
(163, 2000.00, 2000.00, '0.00', 2, 7, 20, 4, 7, 8, 6, 4, 1, '2020-07-22 13:00:34', '2020-07-22 14:11:26', '2020-07-22 14:13:10', '2020-07-21 15:25:08', '07200163', NULL, 1, '2020-07-21 21:32:37', '2020-07-22 21:13:10'),
(164, 100000.00, 100000.00, '0.00', 2, 27, 27, 4, NULL, NULL, NULL, 1, 1, NULL, NULL, NULL, '2020-07-21 14:37:01', '07200164', NULL, 1, '2020-07-21 21:36:56', '2020-07-21 21:37:01'),
(165, 200000.00, 200000.00, '0.00', 2, 27, 27, 4, NULL, NULL, NULL, 1, 1, NULL, NULL, NULL, '2020-07-26 00:00:00', '07200165', NULL, 1, '2020-07-21 21:37:58', '2020-07-21 21:38:17'),
(166, 10000.00, 10000.00, '0.00', 5, 2, 18, 4, NULL, NULL, NULL, 1, 1, NULL, NULL, NULL, '2020-07-21 15:44:44', '07200166', NULL, 1, '2020-07-21 22:44:41', '2020-07-21 22:44:44');

-- --------------------------------------------------------

--
-- Table structure for table `payment_comments`
--

CREATE TABLE `payment_comments` (
  `id` int(10) UNSIGNED NOT NULL,
  `comments` longtext COLLATE utf8mb4_unicode_ci,
  `payment_id` int(10) UNSIGNED DEFAULT NULL,
  `created_by` int(10) UNSIGNED DEFAULT NULL,
  `created_at` timestamp NULL DEFAULT NULL,
  `updated_at` timestamp NULL DEFAULT NULL
) ENGINE=InnoDB DEFAULT CHARSET=utf8mb4 COLLATE=utf8mb4_unicode_ci;

--
-- Dumping data for table `payment_comments`
--

INSERT INTO `payment_comments` (`id`, `comments`, `payment_id`, `created_by`, `created_at`, `updated_at`) VALUES
(1, 'Please put in comments the detail arrangement with this gang. Otherwise we might forget later.', 89, 8, '2020-06-30 15:43:09', '2020-06-30 15:43:09'),
(2, 'Also, get signed HS from the foreman, so he feels responsible', 89, 8, '2020-06-30 15:43:40', '2020-06-30 15:43:40'),
(3, 'Over Head Gang \r\nForeman: Sanowar Hossain Sanju\r\nGang Person: 10 including Foreman\r\nWe will provide them with Place to stay + Transport.\r\nFor first month Only-\r\nWe will Provide 30000 as Fooding ie, 100/day per Person which will be deducted from Their Salary.', 89, 4, '2020-06-30 16:58:18', '2020-06-30 16:58:18'),
(5, 'Amount received by Md. Rafik & voucher will be adjusted by him,but all materials purchase by Rajib Das', 91, 6, '2020-07-01 17:19:47', '2020-07-01 17:19:47'),
(7, 'This is through an account payee cheque', 73, 8, '2020-07-01 19:00:02', '2020-07-01 19:00:02'),
(9, 'A/C Name: SHEIKH MD MASUD KAMAL\r\nA/C No 0011101110796\r\nUttara Bank \r\nBogura', 94, 7, '2020-07-02 11:10:00', '2020-07-02 11:10:00'),
(10, 'A/C Name: SHEIKH MD MASUD KAMAL\r\nA/C No 0011101110796\r\nUttara Bank \r\nBogura', 95, 7, '2020-07-02 11:12:03', '2020-07-02 11:12:03'),
(12, 'A/C Name MD Ashikur Rahman\r\nA/C No 350911101114021\r\nUttara Bank \r\nGaibandha Branch', 96, 7, '2020-07-02 12:31:38', '2020-07-02 12:31:38'),
(13, 'A/C Name MD Ashikur Rahman\r\nA/C No 350911101114021\r\nUttara Bank \r\nGaibandha Branch', 97, 7, '2020-07-02 13:17:41', '2020-07-02 13:17:41'),
(14, 'Work Already Done. Need Payment', 98, 4, '2020-07-02 15:18:09', '2020-07-02 15:18:09'),
(15, '50000 to account of Masud Parvej\r\n50000 on Person', 100, 4, '2020-07-02 18:03:58', '2020-07-02 18:03:58'),
(16, 'On Person', 101, 4, '2020-07-02 18:04:49', '2020-07-02 18:04:49'),
(17, '1.Consultant\r\n2.Second Site\r\n3.Friday to onward', 102, 4, '2020-07-02 18:08:09', '2020-07-02 18:08:09'),
(18, 'Pay from O&M account', 105, 8, '2020-07-05 12:44:32', '2020-07-05 12:44:32'),
(19, 'Pay from project account (dhanmondi)', 103, 8, '2020-07-05 12:45:17', '2020-07-05 12:45:17'),
(20, 'Pay from dhanmondi account (project)', 65, 8, '2020-07-05 12:46:20', '2020-07-05 12:46:20'),
(21, 'Car fitness car no. 118520', 106, 16, '2020-07-06 14:39:39', '2020-07-06 14:39:39'),
(22, 'Previous tax 15000\r\nPresent tax 25000', 106, 16, '2020-07-06 14:42:53', '2020-07-06 14:42:53'),
(23, 'Voucher Will Be adjusted by Anup Mazumder.', 107, 4, '2020-07-06 14:47:12', '2020-07-06 14:47:12'),
(24, 'VOucher will be adjusted by Anup Mazumder', 108, 4, '2020-07-06 14:50:37', '2020-07-06 14:50:37'),
(25, 'Job No: 32\r\nBoring BIll: 8800\r\nPump Rent: 500', 109, 4, '2020-07-06 17:48:32', '2020-07-06 17:48:32'),
(26, 'Boring Bill: 8800\r\nPump Rent: 500', 110, 4, '2020-07-06 17:52:45', '2020-07-06 17:52:45'),
(27, 'Paid to Account', 116, 4, '2020-07-08 18:54:12', '2020-07-08 18:54:12'),
(28, 'This is from sylhet fund', 116, 8, '2020-07-08 18:57:51', '2020-07-08 18:57:51'),
(29, 'This Amount will be adjusted from Person Responsible for Store as were missing from Store.\r\nHasmot/ Shohid/EKlas/Uttom', 118, 4, '2020-07-08 18:58:52', '2020-07-08 18:58:52'),
(32, 'Will be adjusted with His Bill', 128, 4, '2020-07-09 19:22:25', '2020-07-09 19:22:25'),
(33, '25000 for Uttom Saha\r\n15000 for Chain ton & others', 129, 4, '2020-07-09 23:18:45', '2020-07-09 23:18:45'),
(34, 'We don\'t need to buy chain ton for now as we got one @ sylhet', 129, 4, '2020-07-10 21:00:33', '2020-07-10 21:00:33'),
(35, 'Md Shohag - 15,000\r\nMd. Motaleb- 15,000\r\nMd Miraz- 12,500\r\nAllowance February+March: 1500*3=4500*2=9000', 131, 4, '2020-07-13 18:30:16', '2020-07-13 18:30:16'),
(36, 'Remaining = 48,000 - 15,000 = 33,000', 132, 4, '2020-07-13 18:33:58', '2020-07-13 18:33:58'),
(37, 'Brick Chips- Already consumed 1.5 truck worth. 1 More will be delivered today.\r\nSand already Delivered.\r\nCement already bought 3 days ago.', 133, 4, '2020-07-13 18:59:18', '2020-07-13 18:59:18'),
(38, 'Brick Chips- Already consumed 1.5 truck worth. 1 More will be delivered today.\r\nSand already Delivered.\r\nCement already bought 3 days ago.', 134, 4, '2020-07-13 18:59:18', '2020-07-13 18:59:18'),
(39, 'Brick Chips- Already consumed 1.5 truck worth. 1 More will be delivered today.\r\nSand already Delivered.\r\nCement already bought 3 days ago.', 135, 4, '2020-07-13 18:59:18', '2020-07-13 18:59:18'),
(40, 'What is the monthly rent of a mixer machine? I think ESL had one, where is that?', 133, 8, '2020-07-13 23:36:32', '2020-07-13 23:36:32'),
(41, 'Name : MD. Kaium Hossain\r\nBranch: Elenga Branch, Tangail\r\nDBBL AC No: 23815119829', 136, 4, '2020-07-15 18:47:48', '2020-07-15 18:47:48'),
(42, 'This amount will be deducted from their salary.', 137, 4, '2020-07-15 22:40:15', '2020-07-15 22:40:15'),
(43, 'Paid to Saiful Islam Sr Engineer MSS Mirpur\r\nHe will settle this amount.', 138, 4, '2020-07-16 18:49:21', '2020-07-16 18:49:21'),
(44, 'Please send via bkash to Mr. Masud Kamal.', 139, 7, '2020-07-16 19:35:48', '2020-07-16 19:35:48'),
(46, 'Paid to BKASH of Sanowar Hossain JFO', 142, 4, '2020-07-16 22:06:59', '2020-07-16 22:06:59'),
(47, 'For Purbachal Store Area Preparation.\r\nOverhead & Underground DESCO Project (5).', 147, 4, '2020-07-19 20:26:51', '2020-07-19 20:26:51'),
(48, 'Please send to Mr. Mausd Kamal account. Mr. Ashik Khondoker will receive cash from Mr. Masud Kamal.', 148, 7, '2020-07-19 22:27:08', '2020-07-19 22:27:08'),
(49, 'Please send to Mr. Mausd Kamal account. Mr. Ashik Khondoker will receive cash from Mr. Masud Kamal.', 149, 7, '2020-07-19 22:28:20', '2020-07-19 22:28:20'),
(50, 'Please send to Mr. Mausd Kamal account. Mr. Ashik Khondoker will receive cash from Mr. Masud Kamal.', 150, 7, '2020-07-19 22:29:27', '2020-07-19 22:29:27'),
(51, 'Please send to Mr. Mausd Kamal account. Mr. Ashik Khondoker will receive cash from Mr. Masud Kamal.\r\n\r\nMr. Ashik has Tk. 80,000 in his hand. 02 nos Pick up bill for May 2020, which he didnt handover to Pickup owner. We will send Tk. 80,000 to the Pick up owner via Mr. Masud Kamal.\r\nMr. Ashik will pay June Salary for Gaibandha -1 from that Tk. 80,000 + in this voucher Tk. 81,000.\r\nTotal Salary Gaibandha -1 for June 2020 Tk. 161,000.', 148, 7, '2020-07-19 22:33:46', '2020-07-19 22:33:46'),
(52, 'Please send to Mr. Mausd Kamal account. Mr. Takbir will receive cash from Mr. Masud Kamal.', 151, 7, '2020-07-19 22:45:44', '2020-07-19 22:45:44'),
(53, 'Please send to Mr. Mausd Kamal account. Mr. Takbir Khondoker will receive cash from Mr. Masud Kamal.', 152, 7, '2020-07-19 22:46:39', '2020-07-19 22:46:39'),
(54, 'Please send to Mr. Mausd Kamal account. Mr. Takbir Khondoker will receive cash from Mr. Masud Kamal.', 153, 7, '2020-07-19 22:49:08', '2020-07-19 22:49:08'),
(55, 'Please send to Mr. Mausd Kamal account. Mr. Sadekul will receive cash from Mr. Masud Kamal.', 154, 7, '2020-07-20 18:29:00', '2020-07-20 18:29:00'),
(56, 'Please send to Mr. Mausd Kamal account. Mr. Sadekul will receive cash from Mr. Masud Kamal.\r\n\r\nWe missed out 01 pickup bill in April 2020. NESCO ll pay us 2 pickup bill for April, may & June.', 155, 7, '2020-07-20 18:32:16', '2020-07-20 18:32:16'),
(57, 'Please send to Mr. Mausd Kamal account. Mr. Sadekul will receive cash from Mr. Masud Kamal.', 156, 7, '2020-07-20 18:34:04', '2020-07-20 18:34:04'),
(58, 'Please send to Mr. Mausd Kamal account.', 157, 7, '2020-07-20 18:35:38', '2020-07-20 18:35:38'),
(59, 'Please send to Mr. Mausd Kamal account.', 158, 7, '2020-07-20 18:36:47', '2020-07-20 18:36:47'),
(60, 'Please send to Mr. Mausd Kamal account.', 159, 7, '2020-07-20 18:39:31', '2020-07-20 18:39:31'),
(61, 'I am deleting \"Pick up rent (April 2020) - 1 nos @ Tk. 45000\"\r\nThis needs to be rechecked that it was not paid and cash was not sent. Especially with the pickup payment problem with Ashiqur.', 155, 8, '2020-07-20 19:00:06', '2020-07-20 19:00:06'),
(62, 'I have changed the item quantities as per discussion with Shafiq (civil)', 147, 8, '2020-07-21 16:35:54', '2020-07-21 16:35:54'),
(63, 'Only the amborkhana Pipe money is Urgent as work is going on.\r\nRest can be paid Next week.', 160, 4, '2020-07-21 19:28:24', '2020-07-21 19:28:24'),
(64, 'To Sanowar Hossain\'s BKASH Account\r\nNumber: 01762-036704', 163, 4, '2020-07-21 21:32:37', '2020-07-21 21:32:37'),
(65, 'Urgent Need', 164, 4, '2020-07-21 21:36:56', '2020-07-21 21:36:56'),
(66, 'Can be paid next week, Before EID', 165, 4, '2020-07-21 21:37:58', '2020-07-21 21:37:58'),
(67, 'DPDC Staff Quarter RMU Installation Work.', 166, 4, '2020-07-21 22:44:41', '2020-07-21 22:44:41');

-- --------------------------------------------------------

--
-- Table structure for table `payment_details`
--

CREATE TABLE `payment_details` (
  `id` int(10) UNSIGNED NOT NULL,
  `item_name` varchar(150) COLLATE utf8mb4_unicode_ci DEFAULT NULL,
  `created_at` timestamp NULL DEFAULT NULL,
  `updated_at` timestamp NULL DEFAULT NULL,
  `demand_amount` double(10,2) NOT NULL,
  `paid_amount` double(10,2) DEFAULT NULL,
  `payment_id` int(10) UNSIGNED DEFAULT NULL,
  `project_id` int(10) UNSIGNED DEFAULT NULL,
  `filenames` varchar(191) COLLATE utf8mb4_unicode_ci DEFAULT NULL
) ENGINE=InnoDB DEFAULT CHARSET=utf8mb4 COLLATE=utf8mb4_unicode_ci;

--
-- Dumping data for table `payment_details`
--

INSERT INTO `payment_details` (`id`, `item_name`, `created_at`, `updated_at`, `demand_amount`, `paid_amount`, `payment_id`, `project_id`, `filenames`) VALUES
(54, 'Cash advance against work', '2020-06-24 11:27:09', '2020-06-24 11:27:09', 50000.00, 50000.00, 39, 27, NULL),
(55, 'Lira pipe for sylhet project', '2020-06-24 11:30:41', '2020-06-24 14:28:12', 68245.00, 68245.00, 40, 27, NULL),
(56, 'Slab material', '2020-06-24 11:30:41', '2020-06-24 11:30:41', 73500.00, 73500.00, 41, 20, NULL),
(57, 'Earthing wire for RMU 16 pcs (eklas)', '2020-06-24 11:32:33', '2020-06-24 11:32:33', 22000.00, 22000.00, 42, 2, NULL),
(58, 'Cash advance for MISC', '2020-06-24 12:37:34', '2020-06-24 12:37:34', 3000.00, 3000.00, 43, 6, NULL),
(62, 'Uttorkhan Promee RMU Boring Bill', '2020-06-24 14:42:50', '2020-06-24 14:42:50', 8800.00, 8800.00, 47, 1, NULL),
(63, 'Ashraful GIS Termination Remaining Bill', '2020-06-24 14:42:50', '2020-06-24 14:42:50', 5000.00, 5000.00, 47, 1, NULL),
(64, 'Promee Cable Installation on O/H Pole Purpose', '2020-06-24 14:42:50', '2020-06-24 14:42:50', 2000.00, 2000.00, 47, 1, NULL),
(65, 'Labour Bill for Basundhara I-Block Joint & Fault Repair Purpose', '2020-06-24 14:46:22', '2020-06-25 14:38:25', 9200.00, 9200.00, 48, 2, NULL),
(66, 'Drum Truck Kit & Mobil change', '2020-06-24 15:15:41', '2020-06-24 15:15:41', 15000.00, 15000.00, 49, 29, NULL),
(67, 'Advance for Dhaka Visit', '2020-06-24 15:16:30', '2020-06-24 15:16:30', 1000.00, 1000.00, 50, 9, NULL),
(68, 'Cash advance against work', '2020-06-25 11:18:48', '2020-06-25 11:18:48', 3000.00, 3000.00, 51, 40, NULL),
(69, 'Fuel Bill Month of May', '2020-06-25 14:16:47', '2020-06-25 14:16:47', 9192.00, 9192.00, 55, 11, NULL),
(70, 'Fuel Bill Month of May', '2020-06-25 14:46:40', '2020-06-25 14:46:40', 10104.00, 10104.00, 56, 12, NULL),
(71, 'Fuel Bill Month of May', '2020-06-25 14:47:28', '2020-06-25 14:47:28', 18044.00, 18044.00, 57, 9, NULL),
(72, 'Fuel Bill Month of May', '2020-06-25 14:48:17', '2020-06-25 14:48:17', 15578.00, 15578.00, 58, 10, NULL),
(75, 'Test for Item name', '2020-06-25 15:35:38', '2020-06-25 15:35:38', 6000.00, 6000.00, 61, 40, NULL),
(76, 'Test for Item name2', '2020-06-25 15:35:38', '2020-06-25 15:35:38', 1000.00, 1000.00, 61, 40, NULL),
(77, 'Test for Item name2', '2020-06-25 15:35:38', '2020-06-25 15:35:38', 4000.00, 4000.00, 62, 41, NULL),
(81, 'Electricity Bill - March, April, May, June', '2020-06-27 14:21:07', '2020-06-27 14:21:07', 18263.00, 18263.00, 65, 14, NULL),
(82, 'Cement 200 Bag', '2020-06-27 14:23:11', '2020-06-27 14:23:11', 80000.00, 80000.00, 66, 20, NULL),
(83, 'Rebar 6ton (10mm)', '2020-06-27 14:24:45', '2020-07-10 20:59:03', 310999.00, 310999.00, 67, 20, NULL),
(88, 'Advance for Jointer', '2020-06-27 14:43:31', '2020-06-27 14:43:31', 5000.00, 5000.00, 70, 27, NULL),
(89, 'Fuel Bill Month of April Due (Gaibandha-1 & 2 Combined)', '2020-06-27 18:12:00', '2020-06-27 18:12:00', 12716.00, 12716.00, 71, 9, NULL),
(90, 'House Rent For Uttorkhan Gang', '2020-06-28 12:29:54', '2020-06-28 12:29:54', 9000.00, 9000.00, 72, 8, NULL),
(91, 'Ceiling Fan- 2 Nos', '2020-06-28 12:29:54', '2020-06-28 12:29:54', 3500.00, 3500.00, 72, 8, NULL),
(92, 'Advance on Transportation & Fooding', '2020-06-28 12:40:28', '2020-06-28 12:40:28', 10000.00, 10000.00, 72, 8, NULL),
(93, 'Plot Rent Advance to Owner Ms. Morjina Akhter', '2020-06-28 14:57:38', '2020-06-28 14:57:38', 100000.00, 100000.00, 73, 8, NULL),
(94, 'Labour Bill- Tongi 27 SS Cable Installation. 5 Nos 11kV', '2020-06-28 16:58:52', '2020-06-28 16:58:52', 15000.00, 15000.00, 74, 1, NULL),
(96, 'test', '2020-06-29 11:31:41', '2020-06-29 11:31:41', 1.00, 1.00, 79, 7, NULL),
(97, 'test1', '2020-06-29 11:31:41', '2020-06-29 11:31:41', 2.00, 2.00, 79, 7, NULL),
(98, 'Electrical Material for Illumination of Boundary Wall', '2020-06-29 12:31:56', '2020-06-29 12:31:56', 48000.00, 48000.00, 82, 14, NULL),
(99, 'Floor Tiles- 30Pcs', '2020-06-29 12:31:56', '2020-06-29 12:31:56', 10800.00, 10800.00, 82, 14, NULL),
(100, 'Gravel- 90CFT + Truck Fare', '2020-06-29 12:31:56', '2020-06-29 12:31:56', 30000.00, 30000.00, 82, 14, NULL),
(104, 'Sand Bill Payment', '2020-06-29 13:24:43', '2020-06-29 13:24:43', 100000.00, 100000.00, 84, 27, NULL),
(105, 'Purbachal New Plot Fencing Materials (4500+6500)', '2020-06-29 14:41:56', '2020-06-29 14:41:56', 11000.00, 11000.00, 88, 8, NULL),
(106, 'Fooding Purpose (July 01- July 10) 10 Person', '2020-06-30 12:25:33', '2020-06-30 12:25:33', 10000.00, 10000.00, 89, 8, NULL),
(108, 'Advance for Dhaka Visit', '2020-06-30 12:34:43', '2020-06-30 12:34:43', 1000.00, 1000.00, 90, 9, NULL),
(109, 'Private Car (SKD) Suspension Repair + Fuel', '2020-07-01 15:26:23', '2020-07-01 15:26:23', 20000.00, 20000.00, 91, 42, NULL),
(110, 'Termination Kit 11kv 30Nos + Transport', '2020-07-01 15:27:36', '2020-07-01 15:27:36', 35000.00, 35000.00, 92, 27, NULL),
(112, 'Salary - May 2020', '2020-07-02 11:10:00', '2020-07-02 11:10:00', 180000.00, 180000.00, 94, 12, NULL),
(113, 'Pick up (May 2020) - 2 nos @ Tk. 45000', '2020-07-02 11:10:00', '2020-07-02 11:21:48', 90000.00, 90000.00, 94, 12, NULL),
(114, 'Rangpur Accounts Office Expenses: Mar, April, May (2200+1050+4000)', '2020-07-02 11:10:00', '2020-07-02 11:10:00', 9350.00, 9350.00, 94, 12, NULL),
(115, 'Salary - May 2020', '2020-07-02 11:12:03', '2020-07-02 11:12:03', 138000.00, 138000.00, 95, 11, NULL),
(116, 'Pick up rent (May 2020) - 2 nos @ Tk. 45000', '2020-07-02 11:12:03', '2020-07-02 11:12:03', 90000.00, 90000.00, 95, 11, NULL),
(117, 'Salary Of Mr. Abu Taleb (Feb & Mar: 25000 x 2)', '2020-07-02 11:24:39', '2020-07-02 11:24:39', 50000.00, 50000.00, 95, 11, NULL),
(118, 'Salary - May 2020', '2020-07-02 12:29:25', '2020-07-02 12:29:25', 158935.00, 158935.00, 96, 9, NULL),
(119, 'Pick up rent (May 2020) - 2 nos @ Tk. 40000', '2020-07-02 12:29:25', '2020-07-02 12:29:25', 80000.00, 80000.00, 96, 9, NULL),
(120, 'Salary - May 2020', '2020-07-02 13:17:41', '2020-07-02 13:17:41', 105000.00, 105000.00, 97, 10, NULL),
(121, 'Pick up rent to Mr. Alamin (May 2020) - 01 no @ Tk. 45000', '2020-07-02 13:17:41', '2020-07-02 13:17:41', 45000.00, 45000.00, 97, 10, NULL),
(122, 'Salary Of Mr. Mokhlesur Rahman (Feb & Mar: 25000 x 2)', '2020-07-02 13:17:41', '2020-07-02 13:17:41', 50000.00, 50000.00, 97, 10, NULL),
(123, 'RMU Boring Bill- Nursing Midwifery Mohakhali', '2020-07-02 15:18:09', '2020-07-02 15:18:09', 8800.00, 8800.00, 98, 2, NULL),
(124, 'RMU Setting Bill - Nursing Midwifery Mohakhali', '2020-07-02 15:18:09', '2020-07-02 15:18:09', 8000.00, 8000.00, 98, 2, NULL),
(125, 'Advance for Site Expenses & Fuel', '2020-07-02 15:19:15', '2020-07-02 15:19:15', 5000.00, 5000.00, 99, 1, NULL),
(126, 'Advance on Bill', '2020-07-02 18:03:58', '2020-07-02 18:03:58', 100000.00, 100000.00, 100, 27, NULL),
(127, 'Advance on Bill', '2020-07-02 18:04:49', '2020-07-02 18:04:49', 50000.00, 50000.00, 101, 27, NULL),
(128, 'Business Promotion', '2020-07-02 18:08:09', '2020-07-02 18:08:09', 50000.00, 50000.00, 102, 27, NULL),
(129, 'Slab Site Dispute', '2020-07-02 18:08:09', '2020-07-02 18:08:09', 20000.00, 20000.00, 102, 27, NULL),
(130, 'Transport & Others', '2020-07-02 18:08:09', '2020-07-02 18:08:09', 10000.00, 10000.00, 102, 27, NULL),
(131, 'Brick Chips 4 Trucks', '2020-07-05 11:07:41', '2020-07-05 11:07:41', 62000.00, 62000.00, 103, 20, NULL),
(132, 'Sand 2 Truck', '2020-07-05 11:07:41', '2020-07-05 11:07:41', 5000.00, 5000.00, 103, 20, NULL),
(133, 'Cheker plate cutting and facrication - labor cost', '2020-07-05 11:09:25', '2020-07-05 11:09:25', 5500.00, 5500.00, 65, 14, NULL),
(134, 'For insurance OH Desco', '2020-07-05 11:33:08', '2020-07-05 11:33:08', 1500.00, 1500.00, 104, 5, NULL),
(135, 'Pick up rent (May 2020) - 1 nos @ Tk. 40000', '2020-07-05 12:15:37', '2020-07-05 12:15:37', 40000.00, 40000.00, 105, 10, NULL),
(136, 'Car fitness car no. 118520', '2020-07-06 14:39:39', '2020-07-06 14:39:39', 30000.00, 30000.00, 106, 37, NULL),
(137, 'Labour Insurance Purpose', '2020-07-06 14:47:12', '2020-07-06 14:47:12', 1500.00, 1500.00, 107, 5, NULL),
(138, 'Labour Insurance Purpose', '2020-07-06 14:50:37', '2020-07-06 14:50:37', 1500.00, 1500.00, 108, 6, NULL),
(139, 'BPSC Agargaon RMU Boring Bill', '2020-07-06 17:48:32', '2020-07-06 17:48:32', 9300.00, 9300.00, 109, 1, NULL),
(140, 'NHA Shapnagar Mirpur Boring Bill', '2020-07-06 17:52:45', '2020-07-06 17:52:45', 9300.00, 9300.00, 110, 2, NULL),
(141, 'Advance on UNITED & Other related works Bill', '2020-07-08 18:37:14', '2020-07-08 18:37:14', 100000.00, 100000.00, 111, 1, NULL),
(142, 'Advance on Promee Site Work', '2020-07-08 18:39:32', '2020-07-08 18:39:32', 100000.00, 100000.00, 112, 1, NULL),
(143, 'Payment for RMU Setting Done by Sudhangsu(Saju Enterprise)', '2020-07-08 18:43:33', '2020-07-08 18:43:33', 8500.00, 8500.00, 113, 2, NULL),
(144, 'Payment on Re-Bar Delivery', '2020-07-08 18:44:49', '2020-07-08 18:44:49', 150000.00, 150000.00, 114, 20, NULL),
(145, 'Control-ware Advance on Bill', '2020-07-08 18:50:59', '2020-07-08 18:50:59', 250000.00, 250000.00, 115, 14, NULL),
(146, 'Advance on Bill Created before July 01,2020', '2020-07-08 18:54:12', '2020-07-08 18:54:12', 200000.00, 200000.00, 116, 27, NULL),
(147, 'Checker Plate Repair Purpose', '2020-07-08 18:54:54', '2020-07-08 18:54:54', 6000.00, 6000.00, 117, 14, NULL),
(148, 'Termination Kit 4 Nos', '2020-07-08 18:58:52', '2020-07-08 18:58:52', 8000.00, 8000.00, 118, 1, NULL),
(149, 'Certified Impress Payment', '2020-07-08 18:59:52', '2020-07-08 18:59:52', 16200.00, 16200.00, 119, 26, NULL),
(150, 'Advance on Sand Bill', '2020-07-08 19:01:44', '2020-07-08 19:01:44', 100000.00, 100000.00, 120, 27, NULL),
(152, 'Joint/Termination Bill Purpose', '2020-07-08 19:48:08', '2020-07-08 19:48:08', 81500.00, 81500.00, 122, 1, NULL),
(153, 'Advance on Bill, Done During and after COVID Outbreak', '2020-07-08 19:49:48', '2020-07-08 19:49:48', 20000.00, 20000.00, 123, 1, NULL),
(154, 'Advance on Bill', '2020-07-08 19:50:46', '2020-07-14 20:30:00', 200000.00, 200000.00, 124, 14, NULL),
(155, 'Material -Lux, Clamp Welding, Channel Welding', '2020-07-08 20:33:33', '2020-07-09 19:25:17', 12000.00, 12000.00, 125, 27, NULL),
(156, 'Truck Rent Due', '2020-07-08 20:33:33', '2020-07-08 20:33:33', 12000.00, 12000.00, 125, 27, NULL),
(157, 'Tyre Change', '2020-07-09 18:56:05', '2020-07-09 18:56:05', 5200.00, 5200.00, 126, 24, NULL),
(158, 'Mobil Change', '2020-07-09 18:56:05', '2020-07-09 18:56:05', 5000.00, 5000.00, 126, 24, NULL),
(159, 'Mobil Change', '2020-07-09 18:58:29', '2020-07-09 18:58:29', 4500.00, 4500.00, 127, 23, NULL),
(160, 'Clutch Repair & Break Pad Purpose', '2020-07-09 18:58:29', '2020-07-09 18:58:29', 6000.00, 6000.00, 127, 23, NULL),
(161, 'Advance for New Work (Veku Machine)', '2020-07-09 19:22:25', '2020-07-09 19:22:25', 50000.00, 50000.00, 128, 27, NULL),
(162, 'Soil Remove Purpose', '2020-07-09 19:25:17', '2020-07-09 19:25:17', 10000.00, 10000.00, 125, 27, NULL),
(163, 'DB Board- Angle Purchase & Fabrication (Zindabazar & Stadium Feeder)', '2020-07-09 19:25:17', '2020-07-09 19:25:17', 5000.00, 5000.00, 125, 27, NULL),
(164, 'Equipment For OH Gang', '2020-07-09 23:18:45', '2020-07-09 23:18:45', 40000.00, 40000.00, 129, 7, NULL),
(170, 'Salary For Electric Team+Allowance', '2020-07-13 18:30:16', '2020-07-13 18:30:16', 51500.00, 51500.00, 131, 27, NULL),
(171, 'Advance on Pickup Rent', '2020-07-13 18:33:58', '2020-07-13 18:33:58', 15000.00, 15000.00, 132, 27, NULL),
(172, 'Brick Chips 4 Truck', '2020-07-13 18:59:18', '2020-07-13 18:59:18', 62000.00, 62000.00, 133, 20, NULL),
(173, 'Sand 3 Truck', '2020-07-13 18:59:18', '2020-07-13 18:59:18', 7500.00, 7500.00, 133, 20, NULL),
(174, 'Mixer Machine Rent', '2020-07-13 18:59:18', '2020-07-13 18:59:18', 12000.00, 12000.00, 133, 20, NULL),
(175, 'Mixer Machine Rent Due Last Month', '2020-07-13 18:59:18', '2020-07-13 18:59:18', 2000.00, 2000.00, 133, 20, NULL),
(176, 'Cement 200 Bag', '2020-07-13 18:59:18', '2020-07-13 18:59:18', 79000.00, 79000.00, 133, 20, NULL),
(177, 'Polyethylene+Wire', '2020-07-13 18:59:18', '2020-07-13 18:59:18', 5500.00, 5500.00, 133, 20, NULL),
(178, 'Pickup Driver Allowance - 6 days', '2020-07-13 18:59:18', '2020-07-13 18:59:18', 2800.00, 2800.00, 134, 1, NULL),
(179, 'Pickup Driver Allowance - 4 days', '2020-07-13 18:59:18', '2020-07-13 18:59:18', 1700.00, 1700.00, 135, 5, NULL),
(180, 'BP Qaiyum', '2020-07-15 18:47:48', '2020-07-15 18:47:48', 50000.00, 50000.00, 136, 27, NULL),
(181, 'Overhead Gang-01 Daily Allowance Purpose', '2020-07-15 22:40:15', '2020-07-15 22:40:15', 19500.00, 19500.00, 137, 7, NULL),
(183, 'Rain Coat/ PPE -13 Pcs.', '2020-07-16 18:49:21', '2020-07-16 20:16:45', 9750.00, 9750.00, 138, 21, NULL),
(184, 'Impress Advance (Garage Rent & Fuel)', '2020-07-16 18:49:21', '2020-07-16 18:49:21', 10000.00, 10000.00, 138, 21, NULL),
(185, 'BP for collecting cheques from RAO - Mr. Reboti (5K) & Mr. Raihan (1K)', '2020-07-16 19:35:48', '2020-07-16 19:35:48', 6000.00, 6000.00, 139, 12, NULL),
(187, 'Blue PICKUP repairing cost (L.S)', '2020-07-16 20:33:06', '2020-07-16 20:33:06', 30000.00, 30000.00, 140, 7, NULL),
(188, 'Safety Boots 13 pcs @ 550', '2020-07-16 20:52:56', '2020-07-16 20:52:56', 7150.00, 7150.00, 138, 21, NULL),
(190, 'Material (Fittings) Issue Purpose. Store, Labour & Transport', '2020-07-16 22:06:59', '2020-07-16 22:06:59', 4000.00, 4000.00, 142, 7, NULL),
(191, 'Blue PICKUP Fitness 11-9778', '2020-07-18 22:10:35', '2020-07-18 22:10:35', 7000.00, 7000.00, 143, 58, NULL),
(192, '5\" Pipe Purchase 260\'', '2020-07-19 16:38:40', '2020-07-19 16:38:40', 15000.00, 15000.00, 144, 27, NULL),
(193, 'Cable Issue Purpose- 14.07.2020', '2020-07-19 16:38:40', '2020-07-19 16:38:40', 22000.00, 22000.00, 144, 27, NULL),
(194, 'Cable Issue Purpose- 19/20.07.2020', '2020-07-19 16:38:40', '2020-07-19 16:38:40', 16500.00, 16500.00, 144, 27, NULL),
(195, 'Slab Transport-10 trip', '2020-07-19 16:38:40', '2020-07-19 16:38:40', 10000.00, 10000.00, 144, 27, NULL),
(196, 'Sand Bill', '2020-07-19 16:39:44', '2020-07-19 16:39:44', 100000.00, 100000.00, 145, 27, NULL),
(197, 'Plastic Paint 3 Gallon. Chalk Powder-5kg, 120 emery paper & others', '2020-07-19 19:30:49', '2020-07-19 19:30:49', 3500.00, 3500.00, 146, 14, NULL),
(198, 'Brick -6000 Pcs', '2020-07-19 20:26:51', '2020-07-21 16:35:09', 44000.00, 44000.00, 147, 7, NULL),
(199, 'Viti sand- 5000 cft', '2020-07-19 20:26:51', '2020-07-21 16:35:09', 30000.00, 30000.00, 147, 7, NULL),
(200, 'Astor Sand- 400 cft', '2020-07-19 20:26:51', '2020-07-19 20:26:51', 5000.00, 5000.00, 147, 7, NULL),
(201, 'Salary - June 2020', '2020-07-19 22:27:08', '2020-07-19 22:33:46', 81000.00, 81000.00, 148, 9, NULL),
(202, 'Fuel Bill - June 2020', '2020-07-19 22:28:20', '2020-07-19 22:28:20', 16365.00, 16365.00, 149, 9, NULL),
(203, 'Pick up rent (June 2020) - 2 nos @ Tk. 40000', '2020-07-19 22:29:27', '2020-07-19 22:29:27', 80000.00, 80000.00, 150, 9, NULL),
(204, 'Pick up rent (May 2020) - 2 nos @ Tk. 40000', '2020-07-19 22:38:16', '2020-07-19 22:38:16', 80000.00, 80000.00, 150, 9, NULL),
(205, 'Salary - June 2020', '2020-07-19 22:45:44', '2020-07-19 22:45:44', 135000.00, 135000.00, 151, 10, NULL),
(206, 'Fuel Bill - June 2020', '2020-07-19 22:46:39', '2020-07-19 22:46:39', 11005.00, 11005.00, 152, 10, NULL),
(207, 'Pick up rent (June 2020) - 1 nos @ Tk. 40000', '2020-07-19 22:49:08', '2020-07-19 22:49:08', 40000.00, 40000.00, 153, 10, NULL),
(208, 'Pick up rent (June 2020) - 1 nos @ Tk. 45000', '2020-07-19 22:49:08', '2020-07-20 19:03:57', 45000.00, 45000.00, 153, 10, NULL),
(209, 'Salary - June 2020', '2020-07-20 18:29:00', '2020-07-20 18:29:00', 163000.00, 163000.00, 154, 11, NULL),
(210, 'Pick up rent (June 2020) - 2 nos @ Tk. 45000', '2020-07-20 18:32:16', '2020-07-20 18:32:16', 90000.00, 90000.00, 155, 11, NULL),
(212, 'Fuel Bill - June 2020', '2020-07-20 18:34:04', '2020-07-20 18:34:04', 12651.00, 12651.00, 156, 11, NULL),
(213, 'Fuel Bill - June 2020', '2020-07-20 18:35:38', '2020-07-20 18:35:38', 17434.00, 17434.00, 157, 12, NULL),
(214, 'Pick up rent (June 2020) - 2 nos @ Tk. 45000', '2020-07-20 18:36:47', '2020-07-20 18:36:47', 90000.00, 90000.00, 158, 12, NULL),
(215, 'Salary - June 2020', '2020-07-20 18:39:31', '2020-07-20 18:39:31', 180000.00, 180000.00, 159, 12, NULL),
(216, 'PVC Pipe 5\" For Amborkhana Point to Works @ 57- 600\'', '2020-07-21 19:10:56', '2020-07-21 19:28:24', 34200.00, 34200.00, 160, 27, NULL),
(217, 'Slab Transport Next 4-5 Days.', '2020-07-21 19:28:24', '2020-07-21 19:28:24', 8000.00, 8000.00, 160, 27, NULL),
(218, 'PVC Pipe 5\" for Cable installation on Pole- 500', '2020-07-21 19:28:24', '2020-07-21 19:28:24', 28500.00, 28500.00, 160, 27, NULL),
(219, 'PVC Pipe 4\" for Cable installation on Pole- 200', '2020-07-21 19:28:24', '2020-07-21 19:28:24', 8000.00, 8000.00, 160, 27, NULL),
(220, 'Advance on Bill', '2020-07-21 19:29:34', '2020-07-21 19:29:34', 100000.00, 100000.00, 161, 27, NULL),
(221, 'Advance on Bill', '2020-07-21 19:29:34', '2020-07-21 19:29:34', 100000.00, 100000.00, 162, 20, NULL),
(222, 'Fuel Bill for Pickup, Driver Attendance -2 days', '2020-07-21 21:32:37', '2020-07-21 22:25:08', 2000.00, 2000.00, 163, 7, NULL),
(223, 'Advance Payment', '2020-07-21 21:36:56', '2020-07-21 21:36:56', 100000.00, 100000.00, 164, 27, NULL),
(224, 'Advance Payment', '2020-07-21 21:37:58', '2020-07-21 21:37:58', 200000.00, 200000.00, 165, 27, NULL),
(225, 'CC casting purpose, sand,cement-10bag, brick chip', '2020-07-21 22:44:41', '2020-07-21 22:44:41', 10000.00, 10000.00, 166, 2, NULL);

-- --------------------------------------------------------

--
-- Table structure for table `payment_settlements`
--

CREATE TABLE `payment_settlements` (
  `id` int(10) UNSIGNED NOT NULL,
  `settlement_amount` decimal(10,2) NOT NULL,
  `payment_id` int(10) UNSIGNED DEFAULT NULL,
  `project_id` int(10) UNSIGNED DEFAULT NULL,
  `status` smallint(6) NOT NULL DEFAULT '1',
  `type` varchar(10) COLLATE utf8mb4_unicode_ci DEFAULT NULL,
  `created_at` timestamp NULL DEFAULT NULL,
  `updated_at` timestamp NULL DEFAULT NULL
) ENGINE=InnoDB DEFAULT CHARSET=utf8mb4 COLLATE=utf8mb4_unicode_ci;

--
-- Dumping data for table `payment_settlements`
--

INSERT INTO `payment_settlements` (`id`, `settlement_amount`, `payment_id`, `project_id`, `status`, `type`, `created_at`, `updated_at`) VALUES
(19, '1000.00', 51, 40, 1, 'SETTLE', '2020-06-25 11:19:55', '2020-06-25 11:19:55'),
(20, '5750.00', 49, 29, 1, 'SETTLE', '2020-06-29 15:43:33', '2020-06-29 15:43:33'),
(21, '9250.00', 49, 29, 1, 'CASH', '2020-06-29 15:43:43', '2020-06-29 15:43:43'),
(22, '1000.00', 61, 40, 1, 'SETTLE', '2020-07-08 02:29:35', '2020-07-08 02:29:35'),
(23, '1000.00', 61, 40, 1, 'SETTLE', '2020-07-08 02:30:42', '2020-07-08 02:30:42'),
(24, '20000.00', 91, 42, 1, 'SETTLE', '2020-07-09 16:56:31', '2020-07-09 16:56:31'),
(25, '80000.00', 66, 20, 1, 'SETTLE', '2020-07-11 22:47:19', '2020-07-11 22:47:19'),
(26, '1500.00', 108, 6, 1, 'SETTLE', '2020-07-14 18:02:00', '2020-07-14 18:02:00'),
(27, '1500.00', 107, 5, 1, 'SETTLE', '2020-07-14 18:02:32', '2020-07-14 18:02:32'),
(28, '30000.00', 106, 37, 1, 'SETTLE', '2020-07-14 18:05:42', '2020-07-14 18:05:42'),
(29, '22000.00', 42, 2, 1, 'SETTLE', '2020-07-15 18:22:20', '2020-07-15 18:22:20'),
(30, '65154.00', 41, 20, 1, 'SETTLE', '2020-07-15 18:24:32', '2020-07-15 18:24:32');

-- --------------------------------------------------------

--
-- Table structure for table `payment_transfers`
--

CREATE TABLE `payment_transfers` (
  `id` int(10) UNSIGNED NOT NULL,
  `transfer_amount` decimal(10,2) NOT NULL DEFAULT '0.00',
  `payment_id` int(10) UNSIGNED DEFAULT NULL,
  `reference_payment_id` int(10) UNSIGNED DEFAULT NULL,
  `created_at` timestamp NULL DEFAULT NULL,
  `updated_at` timestamp NULL DEFAULT NULL
) ENGINE=InnoDB DEFAULT CHARSET=utf8mb4 COLLATE=utf8mb4_unicode_ci;

-- --------------------------------------------------------

--
-- Table structure for table `permissions`
--

CREATE TABLE `permissions` (
  `id` int(10) UNSIGNED NOT NULL,
  `name` varchar(191) COLLATE utf8mb4_unicode_ci NOT NULL,
  `guard_name` varchar(191) COLLATE utf8mb4_unicode_ci NOT NULL,
  `created_at` timestamp NULL DEFAULT NULL,
  `updated_at` timestamp NULL DEFAULT NULL
) ENGINE=InnoDB DEFAULT CHARSET=utf8mb4 COLLATE=utf8mb4_unicode_ci;

--
-- Dumping data for table `permissions`
--

INSERT INTO `permissions` (`id`, `name`, `guard_name`, `created_at`, `updated_at`) VALUES
(1, 'users', 'web', '2019-09-02 04:23:15', '2019-09-02 04:23:15'),
(2, 'projects', 'web', '2019-09-02 04:23:15', '2019-09-02 04:23:15'),
(3, 'amendments', 'web', '2019-09-02 04:23:15', '2019-09-02 04:23:15'),
(4, 'userprofiles', 'web', '2019-09-02 04:23:15', '2019-09-02 04:23:15'),
(5, 'role-list', 'web', '2019-09-02 05:07:22', '2019-09-02 05:07:22'),
(6, 'role-create', 'web', '2019-09-02 05:07:22', '2019-09-02 05:07:22'),
(7, 'role-edit', 'web', '2019-09-02 05:07:22', '2019-09-02 05:07:22'),
(8, 'role-delete', 'web', '2019-09-02 05:07:22', '2019-09-02 05:07:22'),
(9, 'product-list', 'web', '2019-09-02 05:07:22', '2019-09-02 05:07:22'),
(10, 'Payment-create', 'web', '2019-09-02 05:07:22', '2019-09-02 05:07:22'),
(11, 'comp_profile', 'web', '2019-09-02 05:07:22', '2019-09-02 05:07:22'),
(12, 'payment-verify', 'web', '2020-04-19 07:19:44', '2020-04-19 07:19:44'),
(13, 'payment-approve', 'web', '2020-04-19 07:19:44', '2020-04-19 07:19:44'),
(14, 'voucher_create', 'web', '2020-01-27 18:00:00', '2020-01-27 18:00:00'),
(15, 'voucher_approved', 'web', '2020-01-27 18:00:00', '2020-01-27 18:00:00'),
(16, 'payment-index', 'web', '2020-01-28 18:00:00', '2020-01-28 18:00:00'),
(17, 'payment-edit', 'web', '2020-04-16 07:38:42', '2020-04-16 07:38:42'),
(18, 'payment-delete', 'web', '2020-04-21 09:56:41', '2020-04-21 09:56:41'),
(19, 'payment-paid', 'web', '2020-04-22 09:41:35', '2020-04-22 09:41:35'),
(22, 'payment-settlement-create', 'web', '2020-04-22 09:41:35', '2020-04-22 09:41:35'),
(23, 'payment-settlement-delete', 'web', '2020-04-22 09:41:35', '2020-04-22 09:41:35'),
(24, 'payment-settlement-list', 'web', '2020-04-22 09:41:35', '2020-04-22 09:41:35'),
(25, 'payment-create-other-user', 'web', '2019-09-02 05:07:22', '2019-09-02 05:07:22'),
(26, 'employee', 'web', '2019-09-02 05:07:22', '2019-09-02 05:07:22'),
(27, 'vendor', 'web', '2019-09-02 05:07:22', '2019-09-02 05:07:22'),
(28, 'superadmin', 'web', '2020-07-05 05:07:22', '2020-07-05 05:07:22'),
(29, 'expenditure-sector-create', 'web', '2020-07-05 05:07:22', '2020-07-05 05:07:22'),
(30, 'expenditure-sector-list', 'web', '2020-07-05 05:07:22', '2020-07-05 05:07:22'),
(31, 'expenditure-sector-edit', 'web', '2020-07-05 05:07:22', '2020-07-05 05:07:22'),
(32, 'expenditure-sector-delete', 'web', '2020-07-05 05:07:22', '2020-07-05 05:07:22');

-- --------------------------------------------------------

--
-- Table structure for table `projects`
--

CREATE TABLE `projects` (
  `id` int(10) UNSIGNED NOT NULL,
  `company_id` int(10) UNSIGNED DEFAULT NULL,
  `p_name` varchar(191) COLLATE utf8mb4_unicode_ci NOT NULL,
  `address` varchar(191) COLLATE utf8mb4_unicode_ci NOT NULL,
  `created_at` timestamp NULL DEFAULT NULL,
  `updated_at` timestamp NULL DEFAULT NULL,
  `deleted_at` timestamp NULL DEFAULT NULL
) ENGINE=InnoDB DEFAULT CHARSET=utf8mb4 COLLATE=utf8mb4_unicode_ci;

--
-- Dumping data for table `projects`
--

INSERT INTO `projects` (`id`, `company_id`, `p_name`, `address`, `created_at`, `updated_at`, `deleted_at`) VALUES
(1, 2, 'DESCO U/G (OLD) (ESL)', 'Uttara', '2020-06-10 15:53:54', '2020-06-18 18:57:54', NULL),
(2, 5, 'DESCO Underground (OLD) (EEC)', 'Uttara', '2020-06-10 15:54:35', '2020-06-10 15:54:35', NULL),
(3, 2, 'DESCO U/G (NEW) (ESL)', 'Uttara', '2020-06-10 15:55:26', '2020-06-18 18:57:42', NULL),
(4, 5, 'DESCO Underground (NEW) (EEC)', 'Uttara', '2020-06-10 15:56:07', '2020-06-10 15:56:07', NULL),
(5, 2, 'DESCO O/H (OLD) (ESL)', 'Uttara', '2020-06-10 15:58:22', '2020-06-18 18:57:29', NULL),
(6, 5, 'DESCO Overhead (OLD) (EEC)', 'Uttara', '2020-06-10 15:58:51', '2020-06-10 15:58:51', NULL),
(7, 2, 'DESCO O/H (NEW) (ESL)', 'Uttara', '2020-06-10 15:59:29', '2020-06-18 18:57:11', NULL),
(8, 5, 'DESCO Overhead (NEW) (EEC)', 'Uttara', '2020-06-10 15:59:54', '2020-06-10 15:59:54', NULL),
(9, 2, 'NESCO LEM Gaibandha  1', 'Uttara', '2020-06-10 16:00:44', '2020-06-10 16:00:44', NULL),
(10, 2, 'NESCO LEM Gaibandha - 2', 'Uttara', '2020-06-10 16:01:05', '2020-06-10 16:01:05', NULL),
(11, 2, 'NESCO LEM Polashbari', 'Uttara', '2020-06-10 16:01:45', '2020-06-10 16:01:45', NULL),
(12, 2, 'NESCO LEM Gobindogonj', 'Uttara', '2020-06-10 16:13:57', '2020-06-10 16:13:57', NULL),
(13, 2, 'NESCO H/O Common', 'Uttara', '2020-06-10 16:14:40', '2020-06-10 16:14:40', NULL),
(14, 2, 'Rakeen City Siemens SS', 'Uttara', '2020-06-10 16:15:23', '2020-06-10 16:15:23', NULL),
(15, 5, 'SYLHET PDB U/G (EEC)', 'Sylhet', '2020-06-10 16:16:50', '2020-06-18 18:54:25', NULL),
(16, 8, 'Chottogram Transmission', 'Uttara', '2020-06-10 16:35:07', '2020-06-18 18:56:41', NULL),
(17, 2, 'Chittagong Overhead (ESL)', 'Uttara', '2020-06-10 16:35:35', '2020-06-18 18:55:34', NULL),
(20, 2, 'Purbachal Slab Site (ESL)', 'Uttara', '2020-06-10 16:58:38', '2020-06-18 18:55:09', NULL),
(21, 2, 'MSS MIRPUR', 'Uttara', '2020-06-10 16:59:22', '2020-06-10 16:59:22', NULL),
(22, 5, 'COSS MONIPUR', 'Uttara', '2020-06-10 17:00:43', '2020-06-15 15:14:25', NULL),
(23, 2, 'LEM UTTARA', 'Uttara', '2020-06-10 17:01:00', '2020-06-10 17:01:00', NULL),
(24, 5, 'LEM RUPNOGOR', 'Uttara', '2020-06-10 17:01:22', '2020-06-15 15:12:01', NULL),
(25, 2, 'COSS Dokkhinkhan', 'Uttara', '2020-06-10 17:11:22', '2020-06-10 17:11:22', NULL),
(26, 10, 'DSS SATMASJID (ESL JV)', 'Uttara', '2020-06-10 17:13:32', '2020-06-24 12:09:59', NULL),
(27, 2, 'Sylhet PDB U/G (ESL)', '29 Gausul Azam Avenue', '2020-06-18 18:53:51', '2020-06-18 19:00:59', NULL),
(28, 2, 'Sylhet PDB TEST U/G TEST', 'Uttara', '2020-06-18 19:24:03', '2020-06-18 19:24:03', NULL),
(29, 9, 'WASA Project DMA 904,906,907,908', 'uttara', '2020-06-22 22:25:52', '2020-06-22 22:25:52', NULL),
(30, 4, 'PIL Factory', 'Dhamrai', '2020-06-23 17:33:28', '2020-06-23 17:33:28', NULL),
(31, 4, 'PIL Office', 'Uttara', '2020-06-23 17:33:44', '2020-06-23 17:33:44', NULL),
(32, 4, 'PIL Others', 'Uttara', '2020-06-23 17:34:34', '2020-06-23 17:34:34', NULL),
(33, 4, 'PIL Vehicles', 'Uttara', '2020-06-23 17:35:04', '2020-06-23 17:35:04', NULL),
(34, 3, 'Hillcrest Factory', 'Dhamrai', '2020-06-23 17:35:54', '2020-06-23 17:35:54', NULL),
(35, 3, 'Hillcrest Office', 'Uttara', '2020-06-23 17:36:13', '2020-06-23 17:36:13', NULL),
(36, 3, 'Hillcrest Others', 'Uttara', '2020-06-23 17:36:31', '2020-06-23 17:36:31', NULL),
(37, 3, 'Hillcrest Vehicles', 'Uttara', '2020-06-23 17:36:53', '2020-06-23 17:36:53', NULL),
(38, 4, 'Trishal Land', 'Trishal', '2020-06-23 17:37:35', '2020-06-23 17:37:35', NULL),
(39, 4, 'Bhaluka Land', 'Bhaluka', '2020-06-23 17:37:51', '2020-06-23 17:54:55', NULL),
(40, 11, 'Test Project # 1', 'Uttara', '2020-06-24 15:31:44', '2020-06-24 17:29:56', NULL),
(41, 11, 'Test Project # 2', 'Uttara', '2020-06-24 15:32:08', '2020-06-24 17:30:10', NULL),
(42, 2, 'ESL HQ', 'uttara', '2020-07-01 14:42:02', '2020-07-01 14:42:02', NULL),
(43, 1, 'Cumilla PBS 1', 'Cumilla', '2020-07-02 22:02:30', '2020-07-02 22:02:30', NULL),
(44, 1, 'Cumilla PBS 3', 'Cumilla', '2020-07-02 22:04:03', '2020-07-02 22:04:03', NULL),
(45, 1, 'Jashore PBS 01', 'Jashore', '2020-07-02 22:04:45', '2020-07-02 22:05:57', NULL),
(46, 1, 'Bagura PBS 01', 'Bagura', '2020-07-02 22:05:21', '2020-07-02 22:05:21', NULL),
(47, 1, 'Noakhali PBS', 'Noakhali', '2020-07-02 22:06:31', '2020-07-02 22:06:31', NULL),
(48, 1, 'Meherpur PBS', 'Meherpur', '2020-07-02 22:06:56', '2020-07-02 22:06:56', NULL),
(49, 1, 'Laxmipur PBS', 'Laxmipur', '2020-07-02 22:07:23', '2020-07-02 22:07:23', NULL),
(50, 12, 'REB U/G Manikgonj', 'MANIKGONJ', '2020-07-02 22:08:13', '2020-07-03 13:28:42', NULL),
(51, 12, 'REB U/G Munshigonj', 'MUNSHIGONJ', '2020-07-02 22:11:05', '2020-07-03 13:29:17', NULL),
(52, 12, 'REB U/G Narayangonj', 'NARAYANGONJ', '2020-07-02 22:11:34', '2020-07-03 13:29:33', NULL),
(53, 12, 'REB U/G Norshingdi', 'NORSHINGDI', '2020-07-02 22:12:17', '2020-07-03 13:29:54', NULL),
(54, 13, 'PDB Sylhet Sub-Station', 'Uttara', '2020-07-03 13:35:23', '2020-07-03 13:35:23', NULL),
(55, 1, 'PUL HQ', 'Uttara', '2020-07-03 13:40:19', '2020-07-03 13:40:19', NULL),
(56, 1, 'PUL Vehicles', 'Uttara', '2020-07-03 13:40:53', '2020-07-03 13:40:53', NULL),
(57, 1, 'PUL Others', 'Uttara', '2020-07-03 13:41:10', '2020-07-03 13:41:10', NULL),
(58, 2, 'ESL Vehicles', 'Uttara', '2020-07-03 13:41:37', '2020-07-03 13:41:37', NULL),
(59, 2, 'ESL Others', 'Uttara', '2020-07-03 13:42:02', '2020-07-03 13:42:02', NULL),
(60, 5, 'EEC HQ', 'Uttara', '2020-07-03 13:43:01', '2020-07-03 13:43:01', NULL),
(61, 5, 'EEC Others', 'Uttara', '2020-07-03 13:43:24', '2020-07-03 13:43:24', NULL),
(62, 5, 'EEC Vehicles', 'Uttara', '2020-07-03 13:43:50', '2020-07-03 13:43:50', NULL),
(63, 1, 'PUL Group', 'Uttara', '2020-07-11 19:18:08', '2020-07-11 19:18:08', NULL);

-- --------------------------------------------------------

--
-- Table structure for table `project_user`
--

CREATE TABLE `project_user` (
  `id` int(10) UNSIGNED NOT NULL,
  `user_id` int(10) UNSIGNED DEFAULT NULL,
  `project_id` int(10) UNSIGNED DEFAULT NULL,
  `created_at` timestamp NULL DEFAULT NULL,
  `updated_at` timestamp NULL DEFAULT NULL
) ENGINE=InnoDB DEFAULT CHARSET=utf8mb4 COLLATE=utf8mb4_unicode_ci;

--
-- Dumping data for table `project_user`
--

INSERT INTO `project_user` (`id`, `user_id`, `project_id`, `created_at`, `updated_at`) VALUES
(6, 7, 1, NULL, NULL),
(7, 7, 2, NULL, NULL),
(8, 7, 3, NULL, NULL),
(9, 7, 9, NULL, NULL),
(10, 7, 10, NULL, NULL),
(11, 7, 11, NULL, NULL),
(12, 7, 12, NULL, NULL),
(13, 1, 1, NULL, NULL),
(14, 1, 2, NULL, NULL),
(15, 1, 3, NULL, NULL),
(16, 1, 4, NULL, NULL),
(17, 1, 5, NULL, NULL),
(18, 1, 6, NULL, NULL),
(19, 1, 7, NULL, NULL),
(20, 1, 8, NULL, NULL),
(21, 1, 9, NULL, NULL),
(22, 1, 10, NULL, NULL),
(23, 1, 11, NULL, NULL),
(24, 1, 12, NULL, NULL),
(25, 1, 13, NULL, NULL),
(26, 1, 14, NULL, NULL),
(27, 1, 15, NULL, NULL),
(28, 1, 16, NULL, NULL),
(29, 1, 17, NULL, NULL),
(32, 1, 20, NULL, NULL),
(33, 1, 21, NULL, NULL),
(34, 1, 22, NULL, NULL),
(35, 1, 23, NULL, NULL),
(36, 1, 24, NULL, NULL),
(37, 1, 25, NULL, NULL),
(38, 1, 26, NULL, NULL),
(39, 8, 1, NULL, NULL),
(40, 8, 2, NULL, NULL),
(41, 8, 3, NULL, NULL),
(42, 8, 4, NULL, NULL),
(43, 8, 5, NULL, NULL),
(44, 8, 6, NULL, NULL),
(45, 8, 7, NULL, NULL),
(46, 8, 8, NULL, NULL),
(47, 8, 9, NULL, NULL),
(48, 8, 10, NULL, NULL),
(49, 8, 11, NULL, NULL),
(50, 8, 12, NULL, NULL),
(51, 8, 13, NULL, NULL),
(52, 8, 14, NULL, NULL),
(53, 8, 15, NULL, NULL),
(54, 8, 16, NULL, NULL),
(55, 8, 17, NULL, NULL),
(58, 8, 20, NULL, NULL),
(59, 8, 21, NULL, NULL),
(60, 8, 22, NULL, NULL),
(61, 8, 23, NULL, NULL),
(62, 8, 24, NULL, NULL),
(63, 8, 25, NULL, NULL),
(64, 8, 26, NULL, NULL),
(65, 4, 1, NULL, NULL),
(66, 4, 2, NULL, NULL),
(67, 4, 3, NULL, NULL),
(68, 4, 4, NULL, NULL),
(69, 4, 5, NULL, NULL),
(70, 4, 6, NULL, NULL),
(71, 4, 7, NULL, NULL),
(72, 4, 8, NULL, NULL),
(73, 4, 9, NULL, NULL),
(74, 4, 10, NULL, NULL),
(77, 4, 23, NULL, NULL),
(78, 4, 25, NULL, NULL),
(79, 4, 26, NULL, NULL),
(80, 7, 4, NULL, NULL),
(81, 7, 5, NULL, NULL),
(82, 7, 6, NULL, NULL),
(83, 7, 7, NULL, NULL),
(84, 7, 8, NULL, NULL),
(85, 7, 14, NULL, NULL),
(86, 7, 15, NULL, NULL),
(87, 7, 20, NULL, NULL),
(88, 7, 21, NULL, NULL),
(89, 7, 22, NULL, NULL),
(90, 7, 23, NULL, NULL),
(91, 7, 24, NULL, NULL),
(92, 7, 25, NULL, NULL),
(93, 7, 26, NULL, NULL),
(112, 13, 1, NULL, NULL),
(113, 13, 3, NULL, NULL),
(114, 13, 5, NULL, NULL),
(115, 13, 7, NULL, NULL),
(116, 13, 18, NULL, NULL),
(117, 13, 26, NULL, NULL),
(118, 14, 1, NULL, NULL),
(119, 14, 3, NULL, NULL),
(120, 14, 5, NULL, NULL),
(121, 14, 6, NULL, NULL),
(122, 14, 7, NULL, NULL),
(123, 14, 8, NULL, NULL),
(124, 14, 9, NULL, NULL),
(125, 14, 10, NULL, NULL),
(126, 14, 11, NULL, NULL),
(127, 14, 12, NULL, NULL),
(128, 10, 1, NULL, NULL),
(129, 10, 2, NULL, NULL),
(130, 10, 3, NULL, NULL),
(131, 10, 5, NULL, NULL),
(132, 10, 6, NULL, NULL),
(133, 10, 7, NULL, NULL),
(134, 5, 1, NULL, NULL),
(135, 5, 4, NULL, NULL),
(136, 5, 5, NULL, NULL),
(137, 5, 7, NULL, NULL),
(138, 5, 9, NULL, NULL),
(139, 5, 10, NULL, NULL),
(140, 5, 11, NULL, NULL),
(141, 5, 20, NULL, NULL),
(142, 3, 1, NULL, NULL),
(143, 3, 3, NULL, NULL),
(144, 3, 5, NULL, NULL),
(145, 3, 7, NULL, NULL),
(146, 3, 9, NULL, NULL),
(147, 3, 10, NULL, NULL),
(148, 3, 11, NULL, NULL),
(149, 4, 11, NULL, NULL),
(150, 4, 12, NULL, NULL),
(151, 4, 13, NULL, NULL),
(152, 4, 14, NULL, NULL),
(153, 4, 15, NULL, NULL),
(154, 4, 20, NULL, NULL),
(155, 4, 21, NULL, NULL),
(156, 4, 22, NULL, NULL),
(157, 4, 24, NULL, NULL),
(158, 4, 27, NULL, NULL),
(159, 7, 13, NULL, NULL),
(160, 7, 27, NULL, NULL),
(161, 7, 28, NULL, NULL),
(162, 1, 27, NULL, NULL),
(164, 6, 1, NULL, NULL),
(165, 6, 2, NULL, NULL),
(166, 6, 3, NULL, NULL),
(167, 6, 4, NULL, NULL),
(168, 6, 5, NULL, NULL),
(169, 6, 6, NULL, NULL),
(170, 6, 7, NULL, NULL),
(171, 6, 8, NULL, NULL),
(172, 6, 9, NULL, NULL),
(173, 6, 10, NULL, NULL),
(174, 6, 11, NULL, NULL),
(175, 6, 12, NULL, NULL),
(176, 6, 13, NULL, NULL),
(177, 6, 14, NULL, NULL),
(178, 6, 15, NULL, NULL),
(179, 6, 16, NULL, NULL),
(180, 6, 17, NULL, NULL),
(183, 6, 20, NULL, NULL),
(184, 6, 21, NULL, NULL),
(185, 6, 22, NULL, NULL),
(186, 6, 23, NULL, NULL),
(187, 6, 24, NULL, NULL),
(188, 6, 25, NULL, NULL),
(189, 6, 26, NULL, NULL),
(190, 6, 27, NULL, NULL),
(192, 15, 27, NULL, NULL),
(194, 15, 1, NULL, NULL),
(195, 15, 2, NULL, NULL),
(196, 15, 3, NULL, NULL),
(197, 15, 4, NULL, NULL),
(198, 15, 5, NULL, NULL),
(199, 15, 6, NULL, NULL),
(200, 15, 7, NULL, NULL),
(201, 15, 8, NULL, NULL),
(202, 15, 9, NULL, NULL),
(203, 15, 10, NULL, NULL),
(204, 15, 11, NULL, NULL),
(205, 15, 12, NULL, NULL),
(206, 15, 13, NULL, NULL),
(207, 15, 14, NULL, NULL),
(208, 15, 15, NULL, NULL),
(209, 15, 16, NULL, NULL),
(210, 15, 17, NULL, NULL),
(213, 15, 20, NULL, NULL),
(214, 15, 21, NULL, NULL),
(215, 15, 22, NULL, NULL),
(216, 15, 23, NULL, NULL),
(217, 15, 24, NULL, NULL),
(218, 15, 25, NULL, NULL),
(219, 15, 26, NULL, NULL),
(220, 15, 29, NULL, NULL),
(221, 4, 29, NULL, NULL),
(222, 1, 29, NULL, NULL),
(223, 6, 29, NULL, NULL),
(224, 8, 27, NULL, NULL),
(225, 8, 29, NULL, NULL),
(226, 16, 30, NULL, NULL),
(227, 16, 31, NULL, NULL),
(228, 16, 32, NULL, NULL),
(229, 16, 33, NULL, NULL),
(230, 16, 34, NULL, NULL),
(231, 16, 35, NULL, NULL),
(232, 16, 36, NULL, NULL),
(233, 16, 37, NULL, NULL),
(234, 16, 38, NULL, NULL),
(235, 16, 39, NULL, NULL),
(236, 8, 30, NULL, NULL),
(237, 8, 31, NULL, NULL),
(238, 8, 32, NULL, NULL),
(239, 8, 33, NULL, NULL),
(240, 8, 34, NULL, NULL),
(241, 8, 35, NULL, NULL),
(242, 8, 36, NULL, NULL),
(243, 8, 37, NULL, NULL),
(244, 8, 38, NULL, NULL),
(245, 8, 39, NULL, NULL),
(246, 6, 30, NULL, NULL),
(247, 6, 31, NULL, NULL),
(248, 6, 32, NULL, NULL),
(249, 6, 33, NULL, NULL),
(250, 6, 34, NULL, NULL),
(251, 6, 35, NULL, NULL),
(252, 6, 36, NULL, NULL),
(253, 6, 37, NULL, NULL),
(254, 6, 38, NULL, NULL),
(255, 6, 39, NULL, NULL),
(256, 1, 30, NULL, NULL),
(257, 1, 31, NULL, NULL),
(258, 1, 32, NULL, NULL),
(259, 1, 33, NULL, NULL),
(260, 1, 34, NULL, NULL),
(261, 1, 35, NULL, NULL),
(262, 1, 36, NULL, NULL),
(263, 1, 37, NULL, NULL),
(264, 1, 38, NULL, NULL),
(265, 1, 39, NULL, NULL),
(266, 17, 20, NULL, NULL),
(267, 17, 27, NULL, NULL),
(268, 18, 1, NULL, NULL),
(269, 18, 2, NULL, NULL),
(270, 18, 3, NULL, NULL),
(271, 18, 4, NULL, NULL),
(272, 18, 5, NULL, NULL),
(273, 18, 6, NULL, NULL),
(274, 18, 7, NULL, NULL),
(275, 18, 8, NULL, NULL),
(276, 18, 14, NULL, NULL),
(277, 18, 15, NULL, NULL),
(278, 18, 20, NULL, NULL),
(279, 18, 21, NULL, NULL),
(280, 18, 22, NULL, NULL),
(281, 18, 23, NULL, NULL),
(282, 18, 24, NULL, NULL),
(283, 18, 25, NULL, NULL),
(284, 18, 26, NULL, NULL),
(285, 18, 27, NULL, NULL),
(286, 18, 29, NULL, NULL),
(287, 19, 26, NULL, NULL),
(288, 20, 5, NULL, NULL),
(289, 20, 6, NULL, NULL),
(290, 20, 7, NULL, NULL),
(291, 20, 8, NULL, NULL),
(292, 21, 1, NULL, NULL),
(293, 21, 2, NULL, NULL),
(294, 21, 3, NULL, NULL),
(295, 22, 9, NULL, NULL),
(296, 23, 29, NULL, NULL),
(297, 24, 1, NULL, NULL),
(298, 24, 2, NULL, NULL),
(299, 24, 3, NULL, NULL),
(300, 24, 27, NULL, NULL),
(301, 11, 40, NULL, NULL),
(302, 11, 41, NULL, NULL),
(303, 1, 40, NULL, NULL),
(304, 1, 41, NULL, NULL),
(305, 12, 40, NULL, NULL),
(307, 25, 1, NULL, NULL),
(308, 25, 2, NULL, NULL),
(309, 25, 3, NULL, NULL),
(310, 25, 4, NULL, NULL),
(311, 26, 1, NULL, NULL),
(312, 26, 2, NULL, NULL),
(313, 26, 3, NULL, NULL),
(314, 26, 4, NULL, NULL),
(315, 27, 27, NULL, NULL),
(316, 28, 1, NULL, NULL),
(317, 28, 2, NULL, NULL),
(318, 28, 3, NULL, NULL),
(319, 28, 4, NULL, NULL),
(320, 29, 11, NULL, NULL),
(321, 29, 12, NULL, NULL),
(322, 30, 9, NULL, NULL),
(323, 30, 10, NULL, NULL),
(324, 35, 27, NULL, NULL),
(325, 36, 27, NULL, NULL),
(326, 37, 1, NULL, NULL),
(327, 37, 2, NULL, NULL),
(328, 37, 3, NULL, NULL),
(329, 37, 4, NULL, NULL),
(330, 37, 20, NULL, NULL),
(331, 37, 27, NULL, NULL),
(332, 38, 1, NULL, NULL),
(333, 38, 2, NULL, NULL),
(334, 38, 3, NULL, NULL),
(335, 38, 20, NULL, NULL),
(337, 39, 42, NULL, NULL),
(338, 4, 42, NULL, NULL),
(339, 6, 42, NULL, NULL),
(340, 7, 42, NULL, NULL),
(341, 8, 42, NULL, NULL),
(342, 16, 42, NULL, NULL),
(343, 16, 55, NULL, NULL),
(344, 16, 56, NULL, NULL),
(345, 16, 57, NULL, NULL),
(346, 16, 58, NULL, NULL),
(347, 16, 59, NULL, NULL),
(348, 16, 60, NULL, NULL),
(349, 16, 61, NULL, NULL),
(350, 16, 62, NULL, NULL),
(351, 40, 30, NULL, NULL),
(352, 40, 31, NULL, NULL),
(353, 40, 32, NULL, NULL),
(354, 40, 33, NULL, NULL),
(355, 40, 34, NULL, NULL),
(356, 40, 35, NULL, NULL),
(357, 40, 36, NULL, NULL),
(358, 40, 37, NULL, NULL),
(359, 40, 55, NULL, NULL),
(360, 40, 56, NULL, NULL),
(361, 40, 57, NULL, NULL),
(362, 40, 58, NULL, NULL),
(363, 40, 59, NULL, NULL),
(364, 40, 61, NULL, NULL),
(365, 40, 62, NULL, NULL),
(366, 41, 1, NULL, NULL),
(367, 41, 2, NULL, NULL),
(368, 42, 14, NULL, NULL),
(369, 43, 1, NULL, NULL),
(370, 43, 2, NULL, NULL),
(371, 43, 3, NULL, NULL),
(372, 43, 4, NULL, NULL),
(373, 44, 57, NULL, NULL),
(374, 6, 28, NULL, NULL),
(375, 6, 43, NULL, NULL),
(376, 6, 44, NULL, NULL),
(377, 6, 45, NULL, NULL),
(378, 6, 46, NULL, NULL),
(379, 6, 47, NULL, NULL),
(380, 6, 48, NULL, NULL),
(381, 6, 49, NULL, NULL),
(382, 6, 50, NULL, NULL),
(383, 6, 51, NULL, NULL),
(384, 6, 52, NULL, NULL),
(385, 6, 53, NULL, NULL),
(386, 6, 54, NULL, NULL),
(387, 6, 55, NULL, NULL),
(388, 6, 56, NULL, NULL),
(389, 6, 57, NULL, NULL),
(390, 6, 58, NULL, NULL),
(391, 6, 59, NULL, NULL),
(392, 6, 60, NULL, NULL),
(393, 6, 61, NULL, NULL),
(394, 6, 62, NULL, NULL),
(395, 6, 63, NULL, NULL),
(396, 16, 63, NULL, NULL),
(397, 44, 63, NULL, NULL),
(398, 8, 54, NULL, NULL),
(399, 8, 55, NULL, NULL),
(400, 8, 56, NULL, NULL),
(401, 8, 57, NULL, NULL),
(402, 8, 58, NULL, NULL),
(403, 8, 59, NULL, NULL),
(404, 8, 60, NULL, NULL),
(405, 8, 61, NULL, NULL),
(406, 8, 62, NULL, NULL),
(407, 8, 63, NULL, NULL),
(408, 45, 21, NULL, NULL),
(409, 4, 58, NULL, NULL),
(410, 4, 59, NULL, NULL),
(411, 7, 58, NULL, NULL),
(412, 7, 59, NULL, NULL),
(413, 40, 42, NULL, NULL),
(414, 29, 9, NULL, NULL),
(415, 29, 10, NULL, NULL),
(416, 46, 42, NULL, NULL),
(417, 46, 55, NULL, NULL),
(418, 46, 57, NULL, NULL),
(419, 46, 59, NULL, NULL),
(420, 46, 60, NULL, NULL),
(421, 46, 61, NULL, NULL),
(422, 46, 63, NULL, NULL),
(423, 46, 32, NULL, NULL),
(424, 46, 36, NULL, NULL);

-- --------------------------------------------------------

--
-- Table structure for table `roles`
--

CREATE TABLE `roles` (
  `id` int(10) UNSIGNED NOT NULL,
  `name` varchar(191) COLLATE utf8mb4_unicode_ci NOT NULL,
  `guard_name` varchar(191) COLLATE utf8mb4_unicode_ci NOT NULL,
  `created_at` timestamp NULL DEFAULT NULL,
  `updated_at` timestamp NULL DEFAULT NULL
) ENGINE=InnoDB DEFAULT CHARSET=utf8mb4 COLLATE=utf8mb4_unicode_ci;

--
-- Dumping data for table `roles`
--

INSERT INTO `roles` (`id`, `name`, `guard_name`, `created_at`, `updated_at`) VALUES
(3, 'Accounts', 'web', '2019-09-02 05:31:47', '2020-06-08 13:15:54'),
(4, 'Admin', 'web', '2019-09-02 05:39:31', '2019-09-02 05:39:31'),
(5, 'Line Manager', 'web', '2019-09-02 05:42:28', '2020-06-08 13:14:40'),
(10, 'superadmin', 'web', '2020-01-28 04:52:48', '2020-01-28 04:52:48'),
(11, 'CEO', 'web', '2020-01-28 05:02:05', '2020-06-11 11:49:59'),
(12, 'Manager', 'web', '2020-01-28 05:42:19', '2020-06-08 12:28:31'),
(13, 'Employee', 'web', '2020-06-02 21:43:43', '2020-06-02 21:43:43'),
(14, 'Vendor', 'web', '2020-06-10 17:14:39', '2020-06-10 17:14:39'),
(15, 'Director', 'web', '2020-06-22 18:38:38', '2020-06-22 18:38:38');

-- --------------------------------------------------------

--
-- Table structure for table `role_has_permissions`
--

CREATE TABLE `role_has_permissions` (
  `permission_id` int(10) UNSIGNED NOT NULL,
  `role_id` int(10) UNSIGNED NOT NULL
) ENGINE=InnoDB DEFAULT CHARSET=utf8mb4 COLLATE=utf8mb4_unicode_ci;

--
-- Dumping data for table `role_has_permissions`
--

INSERT INTO `role_has_permissions` (`permission_id`, `role_id`) VALUES
(14, 3),
(15, 3),
(16, 3),
(19, 3),
(22, 3),
(24, 3),
(29, 3),
(30, 3),
(31, 3),
(1, 4),
(2, 4),
(3, 4),
(4, 4),
(5, 4),
(6, 4),
(7, 4),
(9, 4),
(10, 4),
(11, 4),
(12, 4),
(13, 4),
(14, 4),
(15, 4),
(16, 4),
(17, 4),
(19, 4),
(22, 4),
(23, 4),
(24, 4),
(25, 4),
(29, 4),
(30, 4),
(31, 4),
(32, 4),
(10, 5),
(16, 5),
(17, 5),
(25, 5),
(1, 10),
(2, 10),
(3, 10),
(4, 10),
(5, 10),
(6, 10),
(7, 10),
(8, 10),
(9, 10),
(10, 10),
(11, 10),
(12, 10),
(13, 10),
(14, 10),
(15, 10),
(16, 10),
(17, 10),
(18, 10),
(19, 10),
(22, 10),
(23, 10),
(24, 10),
(25, 10),
(28, 10),
(29, 10),
(30, 10),
(31, 10),
(32, 10),
(1, 11),
(2, 11),
(3, 11),
(4, 11),
(5, 11),
(10, 11),
(11, 11),
(12, 11),
(13, 11),
(16, 11),
(17, 11),
(18, 11),
(25, 11),
(29, 11),
(30, 11),
(31, 11),
(2, 12),
(10, 12),
(12, 12),
(16, 12),
(17, 12),
(18, 12),
(25, 12),
(10, 13),
(16, 13),
(17, 13),
(26, 13),
(10, 14),
(16, 14),
(17, 14),
(27, 14),
(1, 15),
(2, 15),
(10, 15),
(11, 15),
(12, 15),
(13, 15),
(16, 15),
(17, 15),
(18, 15),
(24, 15),
(25, 15),
(29, 15),
(30, 15),
(31, 15);

-- --------------------------------------------------------

--
-- Table structure for table `settings`
--

CREATE TABLE `settings` (
  `id` int(10) UNSIGNED NOT NULL,
  `empl_type` varchar(191) COLLATE utf8mb4_unicode_ci NOT NULL,
  `des_id` varchar(191) COLLATE utf8mb4_unicode_ci NOT NULL,
  `created_at` timestamp NULL DEFAULT NULL,
  `updated_at` timestamp NULL DEFAULT NULL
) ENGINE=InnoDB DEFAULT CHARSET=utf8mb4 COLLATE=utf8mb4_unicode_ci;

--
-- Dumping data for table `settings`
--

INSERT INTO `settings` (`id`, `empl_type`, `des_id`, `created_at`, `updated_at`) VALUES
(6, 'designation', 'aaa', '2019-08-26 03:31:31', '2019-08-26 03:31:31'),
(7, 'employee', 'aa', '2019-08-26 03:31:58', '2019-08-26 03:31:58');

-- --------------------------------------------------------

--
-- Table structure for table `users`
--

CREATE TABLE `users` (
  `id` int(10) UNSIGNED NOT NULL,
  `name` varchar(191) COLLATE utf8mb4_unicode_ci NOT NULL,
  `email` varchar(191) COLLATE utf8mb4_unicode_ci NOT NULL,
  `username` varchar(191) COLLATE utf8mb4_unicode_ci NOT NULL,
  `password` varchar(191) COLLATE utf8mb4_unicode_ci NOT NULL,
  `user_types_id` int(10) UNSIGNED DEFAULT NULL,
  `remember_token` varchar(100) COLLATE utf8mb4_unicode_ci DEFAULT NULL,
  `created_at` timestamp NULL DEFAULT NULL,
  `updated_at` timestamp NULL DEFAULT NULL,
  `deleted_at` timestamp NULL DEFAULT NULL
) ENGINE=InnoDB DEFAULT CHARSET=utf8mb4 COLLATE=utf8mb4_unicode_ci;

--
-- Dumping data for table `users`
--

INSERT INTO `users` (`id`, `name`, `email`, `username`, `password`, `user_types_id`, `remember_token`, `created_at`, `updated_at`, `deleted_at`) VALUES
(1, 'Mr Admin', 'admin2@gmail.com', 'admin2', '$2y$10$Zp9Lr4Ymk5SFMDnQtEt.n.V1gXl9NKuKNROu3J1ChrlX2M9g24pCu', 1, 'ioGXg8XeFbFKHstCwIb4hWNnjAf8ntLcGrINOnjLqDZje0ugiyubkX0c23KI', '2020-01-22 00:21:48', '2020-06-07 16:27:55', NULL),
(2, 'Kabir Khan', 'kabir@gmail.com', 'Kabir123', '$2y$10$7qmtaI6bdsIkBe.vWaH8F.sY.Hy3.1Gg5L2PiHwsOd54sUyi7OaVK', 1, 'wPh77tSsTjxWWZXh0V2OELbiJ6dRrZXB6tugxTEwNiz9c6ev3fneWoUTmDJi', '2020-01-22 00:33:22', '2020-06-24 17:18:56', '2020-06-24 17:18:56'),
(3, 'Sadek Khan', 'sadek123@gmail.com', 'sadek', '$2y$10$z28XyvYFj.8ek6u7RyEec.Tgnei8sMof/WHVTXyCrQN.Gv3GMS1N6', 1, '8DbbRTiX2Y3scNOnxT637iXcGJYuep4c6DV9UxxA4mAc1L6tnOCYp5TD5QR6', '2020-01-22 00:44:35', '2020-06-24 17:19:14', '2020-06-24 17:19:14'),
(4, 'Rejwan Nahian (Arnob)', 'rejwan@pul-group.com', 'rejwan', '$2y$10$P7pXGrmt9fVTGVYo5fTNb.O8QYJo/UFYjD726PKVXZn22E5F3Wt7C', 2, 'rMGknl5UhaozAiuoef1JD2NlLOKYCzCBpdbMLIQXQFTzeHGYwuQD6GfXNyL0', '2020-01-22 00:51:39', '2020-06-23 15:21:13', NULL),
(5, 'Farid reza', 'farid@gmai.com', 'farid', '$2y$10$Sg8iiaSj0jNBPWUTz/.bJObq6Q5gLuK0AOMZ03RYDxZK03F6b/iXa', 3, 'yXYd0ttvil5mzUeAmCTGyxPfNm6G08VOvl8nde35yw5F8uQM4jTc1TDmqPhr', '2020-01-22 01:03:15', '2020-06-24 17:21:55', '2020-06-24 17:21:55'),
(6, 'Parvez Khan Tomal', 'parvez@pul-group.com', 'parvez', '$2y$10$nCp6.6zho2nZx/Heu.3L2u4rD6GdvsqgbRF.mdMv0OlOTEqi.u.CW', 7, 'SY3XnLwiZWg0z1IFdK8rFHJKox883THoLDEiFVMjq4ZtpFB7O39MGcCGC3jN', '2020-01-23 00:36:57', '2020-06-23 12:06:49', NULL),
(7, 'Rajib Ibne Islam', 'rajib.islam@pul-group.com', 'rajib', '$2y$10$F2OlBspJHOXZuSRXJCZBGes2IvEX7oKojJ2zwvkB8Gyax8EnF2/iG', 7, 'A96T3RShwSB2hIAa9n6Wyy17PE1xO3L3zwPofdBOcLJgs30PzkQZbl8Cqu5T', '2020-01-25 00:33:52', '2020-06-25 12:16:54', NULL),
(8, 'Noor Khan', 'nmkhan@pul-group.com', 'nmkhan', '$2y$10$zXXkorPTZ7ea0Rf.BoXGLuSEDefzsJiNi5juqV9OS5q4TplReS7by', 2, 'nbPGQumtJ8wyGjJajDTcrwTWJTiTnQtZOdz1mOfLDto1M5XYl468hhXIlaj4', '2020-04-18 14:13:31', '2020-06-25 18:24:37', NULL),
(9, 'Md kuddus - M', 'kuddus@gmail.com', 'kuddus', '$2y$10$by0JrYlggXOcurLG6HhaneTRcRZ7Mu/dAnPWh3go0Wq60RLgBTrZi', 7, 'CmXPGOMbCMjAFvEkoiiRWQBDmdKDpA06YpKEGwK8u9Sr58dXJAXXR6f8jAK9', '2020-04-18 14:21:58', '2020-06-11 12:10:13', NULL),
(10, 'Hasan Mia -EM', 'hasan@cc.com', 'hasan', '$2y$10$aqFWX2rK0Yi1jShF.NUf8OLvJ9EnbDeisP03b7kH17GEzq1fcB9vW', 2, 'aRbGz3vMEtnxqTz5oj0KJFgA4hRDqcLESbgdUZi38Mp7hhvgrPWB7AWrWIUg', '2020-06-02 21:42:17', '2020-06-24 17:21:47', '2020-06-24 17:21:47'),
(11, 'Test Employee', 'saver@employee.com', 'testemployee1', '$2y$10$LL11ZVodG1Sld/NuTciN2Ol2pwajb5de4uOddFH6NSli2VEl2MGta', 2, NULL, '2020-06-08 13:46:36', '2020-06-24 19:30:32', NULL),
(12, 'Test Vendor User', 'vendor_user@cc.com', 'test_vendor_user', '$2y$10$bm1PgeH1oo3J4AJ/qJ09YOp06QvA0tjEypwGfNk1UDBXSWhvTHEs6', 6, 'mgW2abrbDz0Uy7n7ZWU1ZY8UgmMdiwHKqrNPZkGWILEAPCKGMUCUs5LZ4OOD', '2020-06-10 17:24:44', '2020-06-24 17:20:52', NULL),
(13, 'Rasal Ahammad', 'rasal@pul-group.com', 'rasal', '$2y$10$xfQLctPPpObqMs7qDfzEXO1uTrnYcUOR6aagDHgTw3QUYU6Za2q7e', 5, 'DMcuvex9wy9YfK9hrbvQbN0qOXxR30DmYgvV8Jj9zfJipMn2n452nek6l75O', '2020-06-11 11:34:10', '2020-07-01 18:35:34', NULL),
(14, 'Saleh Ahmed', 'saleh@pul-group.com', 'saleh', '$2y$10$b0PdPSqann1iGFfbVOxdke..w3MWvdCPxaXnKilpVBg3Id0DQTJFC', 5, NULL, '2020-06-11 11:58:10', '2020-07-11 19:36:22', NULL),
(15, 'Santosh Kumar Das', 'skdas@pul-group.com', 'skdas', '$2y$10$CY94hk6uqt71EMEJC1cAsOAI7XORvS7wWIOYOkpKzUJqucMgCSXG6', 1, 'b924qspaZw8t35sjkZNlnRwVh0QUDNM7lAUBfzh6EDv6hHHQSUs845IO7ufe', '2020-06-22 18:25:27', '2020-06-22 22:57:16', NULL),
(16, 'Shekh Neaz Morshed', 'himel@pul-group.com', 'himel', '$2y$10$9C4/379MUt7Tk1w4F/fM2.ypDOYFOES1dATfWeNLwJY2HMilLxhE.', 7, '6qOmvtcSc1V2HtXrD62JkCeS7SyU9IRerKNVdCG9WLv4Ss8dICxGjF0us2ty', '2020-06-22 18:51:52', '2020-06-23 14:41:13', NULL),
(17, 'Babul Contractor', 'xx@xx.com', 'Babul Contractor', '$2y$10$Lr423ZU2DLSlLOapxzLFkePLxP5fDkv6u.S/.nLBRoAuj6jH.lSC6', 4, NULL, '2020-06-24 11:05:03', '2020-06-24 11:05:03', NULL),
(18, 'Uttam Saha', 'uttam@xxx.com', 'uttam', '$2y$10$MHeubCZQgY.ofxTvLPPyiuSEr9I7BHyx0bV5eE7ecXccJt5V9bR5S', 2, NULL, '2020-06-24 11:13:50', '2020-06-24 11:13:50', NULL),
(19, 'Mozaffar Hossain', 'mozaffar@xxxx.com', 'mozaffar', '$2y$10$Zlx2jyTnpcnMkWImU1dHguf3wXuP4RGWhgwJ4Xg/UdcM3sou/v5Z6', 2, NULL, '2020-06-24 12:13:23', '2020-06-24 12:13:23', NULL),
(20, 'Lutfar Rahman', 'lutfar@xxxx.com', 'lutfar', '$2y$10$UtLtMqq0.hBwNEsW9LwG4.l7BdP0Ni88QZUtfSkulWOjLLEpXpuRS', 2, NULL, '2020-06-24 12:36:01', '2020-06-24 12:36:01', NULL),
(21, 'Abu Hossain Eklas', 'awesomeeklas2013@gmail.com', 'Abu Hossain Md. Eklas', '$2y$10$xMLB0G.HqK2boTmTKaCNEOaCNJMNWM2NOVtt/GMtCvR1BJ5rbqqQq', 2, NULL, '2020-06-24 14:30:53', '2020-06-24 14:30:53', NULL),
(22, 'Toweb Ali', 'toweb@xxx.com', 'Toweb', '$2y$10$0ISAJF9dXkj6P0c5WqjGC.QFKQ6D0IvlLtyGMq9oRkI0Cp.OYJzTS', 2, NULL, '2020-06-24 15:04:31', '2020-06-24 15:04:31', NULL),
(23, 'Saber Ahmed', 'saber@xxxx.com', 'saber', '$2y$10$5X4D4IueHfdndRRCNRZ8aeF01cLT4DAwxRNHdYr2.qoFcJ5Sn5Akq', 2, NULL, '2020-06-24 15:05:32', '2020-06-24 15:05:32', NULL),
(24, 'Joynal Abedin', 'joynal@xxxx.com', 'joynal', '$2y$10$8svbyv6XBy9O.YIRrFIzG.cvoQZqoGZnUyIfJs/1hb/PjAnwKI02K', 2, NULL, '2020-06-24 15:07:31', '2020-06-24 15:07:31', NULL),
(25, 'Malek Contractor', 'malek@xxxx.com', 'malek', '$2y$10$9Q.V7UM.7H9Zcr/W0ypL6eAjJ8la/O6dRahbY4SZS2fIJQyhVzg..', 4, NULL, '2020-06-24 19:53:16', '2020-06-24 19:53:16', NULL),
(26, 'Masud Contractor', 'masud@xxxx.xom', 'masud_contractor', '$2y$10$HPozuDhWr7oeX/s7EPGPnuhLNT0.ZFEpOlFBv.yLm8ezT/.NqGnYa', 4, NULL, '2020-06-24 19:54:14', '2020-06-29 12:49:34', NULL),
(27, 'Zafor Contractor', 'zafor@xxxx.com', 'zafor', '$2y$10$dWmbrCVhYcJm/3foMsmih.4.PN7PXhsJ.OgqQOnqlK1H1Ubh4xE1.', 4, NULL, '2020-06-24 19:55:21', '2020-06-24 19:55:21', NULL),
(28, 'Hashmat Contractor', 'hashmat@xxxx.com', 'hashmat', '$2y$10$lKtTCYgRI1i5qAxbkNXVquEhOA0G6ERnlc6rgqstV6IkdlxHhyLzm', 4, NULL, '2020-06-24 19:56:11', '2020-06-24 19:56:11', NULL),
(29, 'Masud Kamal', 'masudkamal@xxxx.com', 'masudkamal', '$2y$10$dzdX83irPD6fgiYoygmibeCzZ9BFa83VPHYes7IS3iO6T8OvJSvka', 2, NULL, '2020-06-25 12:07:12', '2020-06-25 12:07:12', NULL),
(30, 'Ashikur Khondoker', 'ashikur@xxxx.com', 'ashikur', '$2y$10$qWuxkHW7d2m3Y4ib17T9g.ZQ7JZqp.ucGOFC9o3f5I8Yc3NBID2qq', 2, NULL, '2020-06-25 12:09:23', '2020-07-05 12:15:24', NULL),
(35, 'Masud Parvez', 'masud@pul-group.com', 'masud_parvez', '$2y$10$m3pMWu5L8PgVomMg8We7r.TvxAaITQCJqkCT2divzlMpGwWLaxxi6', 2, NULL, '2020-06-29 12:50:31', '2020-06-29 12:50:31', NULL),
(36, 'Monirul Sylhet', 'monirul@xxxx.com', 'Monirul', '$2y$10$X/CDJKKSXNl9hdtRucwBb.3s5CWxc7hfdY73KS/.3AjLWEJLgwqnm', 2, NULL, '2020-06-29 12:52:14', '2020-06-29 12:52:14', NULL),
(37, 'Zakir Mymensingh', 'zakirsupply@xxxxx.com', 'Zakir_supplier', '$2y$10$p7lORLwoqZlJ9NaMSoZPd.doO46zKXmL6rpUnrdZvuYk3t.kNCePu', 2, NULL, '2020-06-29 17:49:47', '2020-06-29 17:49:47', NULL),
(38, 'Hazi Nasir Hazi Enterprise', 'HajiShaheb@xxxxxx.com', 'HaziShaheb', '$2y$10$NuXSQNMnuKUlftIK2.lNqOnBemm0G.NGD7SxWhbf7h.8uVD4LIIQy', 6, NULL, '2020-06-29 17:50:58', '2020-06-29 20:03:07', NULL),
(39, 'Rajib Mechanic', 'rajibmechanic@xxxx.com', 'RajibMechanic', '$2y$10$8JAhVV0.SF0frkb7LEDjt.c9kP6xSSxlgN1ISi/v.eP.V23Gmko.G', 2, NULL, '2020-07-01 14:41:37', '2020-07-01 14:41:37', NULL),
(40, 'Anup Mojumdar', 'anup@cc.com', 'anup', '$2y$10$gWmyduy7/jBj5PDhisPxNuSdtwMTGt.WC9BFjdiMroN0PjEjebd5S', 2, NULL, '2020-07-06 14:37:53', '2020-07-06 14:37:53', NULL),
(41, 'Shahid Contractor', 'shahid@xxxxx.com', 'shahid_contractor', '$2y$10$WhglES3W0h.esNe8O7aRSuTjNDsTdJUGcsYxywLrKJ9nWMmOIUUBu', 6, NULL, '2020-07-08 19:05:43', '2020-07-08 19:05:43', NULL),
(42, 'Control Wire', 'controlwire@xxxx.com', 'ControlWire', '$2y$10$QOvphRWhlWQqrrpTlPKb3eXtA/5U0tPJFMgKV6h//bFqzVQfC/KkO', 6, NULL, '2020-07-08 19:06:59', '2020-07-08 19:06:59', NULL),
(43, 'Ibrahim Jointer', 'ibrahim@xxxx.com', 'Ibrahim_jointer', '$2y$10$.nbkm5kUkvBGi2io/0zke.eALJgzic1blHViEardJkrK5jJ3xzgnC', 6, NULL, '2020-07-08 19:09:28', '2020-07-08 19:09:28', NULL),
(44, 'A.N.M Tanjir Rahman', 'tanjirnahid@gmail.com', 'tanjir', '$2y$10$QiQWVBjOSkZ5RyWtktyUVOqyITE9QcoHMrY3/0RD2uadD.MzoRkiu', NULL, NULL, '2020-07-08 21:27:57', '2020-07-08 21:27:57', NULL),
(45, 'Saiful Islam MSS', 'saifulislam@xxxxx.com', 'saifulislam', '$2y$10$A8S7mh5oAIOnTV7fHbA9lu8HTy3gumgqMjH4IVRILyN31eUqr.x6.', 2, NULL, '2020-07-16 22:32:10', '2020-07-16 22:32:10', NULL),
(46, 'Md. Babul Hossein (Anit)', 'anit.babul007@gmail.com', 'anit', '$2y$10$57ZK5i8ESaMCGumXX2IU0.oGNc9q5X.QMIr6OHaPqme6Z2zuPGQkS', 2, 'Kqj6GSh9i6YvpGtRwsRTFNfDCZgeWYQeynckT9wFZRmH3Rssr7ZAOY48TmO1', '2020-07-20 21:59:59', '2020-07-20 21:59:59', NULL);

-- --------------------------------------------------------

--
-- Table structure for table `user_profiles`
--

CREATE TABLE `user_profiles` (
  `id` int(10) UNSIGNED NOT NULL,
  `fname` varchar(191) COLLATE utf8mb4_unicode_ci NOT NULL,
  `lname` varchar(191) COLLATE utf8mb4_unicode_ci NOT NULL,
  `mothername` varchar(191) COLLATE utf8mb4_unicode_ci DEFAULT NULL,
  `fathername` varchar(191) COLLATE utf8mb4_unicode_ci DEFAULT NULL,
  `p_address` varchar(191) COLLATE utf8mb4_unicode_ci DEFAULT NULL,
  `address` varchar(191) COLLATE utf8mb4_unicode_ci DEFAULT NULL,
  `joindate` varchar(191) COLLATE utf8mb4_unicode_ci DEFAULT NULL,
  `nid` varchar(191) COLLATE utf8mb4_unicode_ci DEFAULT NULL,
  `mobile` varchar(191) COLLATE utf8mb4_unicode_ci DEFAULT NULL,
  `company_id` int(10) UNSIGNED DEFAULT NULL,
  `user_id` int(10) UNSIGNED DEFAULT NULL,
  `created_at` timestamp NULL DEFAULT NULL,
  `updated_at` timestamp NULL DEFAULT NULL
) ENGINE=InnoDB DEFAULT CHARSET=utf8mb4 COLLATE=utf8mb4_unicode_ci;

--
-- Dumping data for table `user_profiles`
--

INSERT INTO `user_profiles` (`id`, `fname`, `lname`, `mothername`, `fathername`, `p_address`, `address`, `joindate`, `nid`, `mobile`, `company_id`, `user_id`, `created_at`, `updated_at`) VALUES
(1, 'Mr', 'Admin', 'Mrs', 'Mr', 'Dhaka', 'Dhaka', '2019-08-06', '2364598710', '01318790888', 2, 1, '2020-04-19 07:06:47', '2020-04-19 01:02:38'),
(40, 'Kabir', 'Khan', 'Mrs', 'Mr Malek', 'Uttara Dhaka', 'Dhaka', '2020-01-22', '236694510', '01711116402', 2, 2, '2020-01-22 00:33:22', '2020-01-22 00:33:22'),
(41, 'Sadek', 'Khan', 'Saleha Begum', 'Abdus Salam', 'ka-188/3 kuril Dhaka', 'Dhaka', '2020-01-22', '3214560', '01318790999', 2, 3, '2020-01-22 00:44:35', '2020-06-11 12:01:55'),
(42, 'Rejwan', 'Nahian (Arnob)', 'Mrs', 'Mr', 'Dhaka', 'Khulna', '2019-05-01', '123654980', '01717007202', 2, 4, '2020-01-22 00:51:39', '2020-06-23 15:21:13'),
(43, 'Farid', 'reza', 'mrs', 'zamil reza', 'Dhaka', 'Bogra', '2020-01-22', '321456950', '01711303020', 2, 5, '2020-01-22 01:03:15', '2020-01-22 01:03:15'),
(44, 'Parvez', 'Khan Tomal', 'Mrs', 'Mr', 'Dhaka', 'Dhaka', '2020-01-14', '314569', '01711606060', 2, 6, '2020-01-23 00:36:57', '2020-06-20 17:49:14'),
(45, 'Rajib', 'Ibne Islam', 'Mrs', 'Mr', 'PUL Tower', 'PUL Tower', '2020-01-25', '36541201', '01977178383', 2, 7, '2020-01-25 00:33:52', '2020-06-10 17:32:52'),
(46, 'Noor', 'Khan', 'mrs', 'Mr', 'Dhaka', 'Barisal', '2020-01-01', '4321', '12111', 1, 8, '2020-04-18 14:13:32', '2020-06-24 11:23:25'),
(47, 'Md', 'kuddus - M', 'mrs', 'mr', 'Dhaka', 'Kishoreganj', '2019-09-08', '21321', '01212', 2, 9, '2020-04-18 14:21:58', '2020-06-08 12:40:35'),
(48, 'Hasan', 'Mia -EM', NULL, NULL, NULL, NULL, NULL, NULL, NULL, 2, 10, '2020-06-02 21:42:17', '2020-06-08 12:40:10'),
(49, 'Test', 'Employee', NULL, NULL, NULL, NULL, NULL, NULL, NULL, 1, 11, '2020-06-08 13:46:36', '2020-06-24 17:21:39'),
(50, 'Test Vendor', 'User', NULL, NULL, NULL, NULL, NULL, NULL, NULL, 11, 12, '2020-06-10 17:24:44', '2020-06-24 17:20:52'),
(51, 'Rasal', 'Ahammad', NULL, NULL, NULL, NULL, NULL, NULL, NULL, 2, 13, '2020-06-11 11:34:10', '2020-06-11 11:34:10'),
(52, 'Saleh', 'Ahmed', NULL, NULL, NULL, NULL, NULL, NULL, NULL, 2, 14, '2020-06-11 11:58:10', '2020-06-11 11:58:10'),
(53, 'Santosh', 'Kumar Das', NULL, NULL, NULL, NULL, NULL, NULL, NULL, 2, 15, '2020-06-22 18:25:27', '2020-06-22 22:57:16'),
(54, 'Shekh', 'Neaz Morshed', NULL, NULL, NULL, NULL, NULL, NULL, NULL, 1, 16, '2020-06-22 18:51:52', '2020-06-22 18:51:52'),
(55, 'Babul', 'Contractor', NULL, NULL, NULL, NULL, NULL, NULL, NULL, 2, 17, '2020-06-24 11:05:03', '2020-06-24 11:05:03'),
(56, 'Uttam', 'Saha', NULL, NULL, NULL, NULL, NULL, NULL, NULL, 2, 18, '2020-06-24 11:13:50', '2020-06-24 11:13:50'),
(57, 'Mozaffar', 'Hossain', NULL, NULL, NULL, NULL, NULL, NULL, NULL, 10, 19, '2020-06-24 12:13:23', '2020-06-24 12:13:23'),
(58, 'Lutfar', 'Rahman', NULL, NULL, NULL, NULL, NULL, NULL, NULL, 5, 20, '2020-06-24 12:36:01', '2020-06-24 12:36:01'),
(59, 'Abu Hossain', 'Eklas', NULL, NULL, 'Mirpur', NULL, NULL, NULL, NULL, 2, 21, '2020-06-24 14:30:53', '2020-06-24 14:30:53'),
(60, 'Toweb', 'Ali', NULL, NULL, NULL, NULL, NULL, NULL, NULL, 2, 22, '2020-06-24 15:04:31', '2020-06-24 15:04:31'),
(61, 'Saber', 'Ahmed', NULL, NULL, NULL, NULL, NULL, NULL, NULL, 2, 23, '2020-06-24 15:05:32', '2020-06-24 15:05:32'),
(62, 'Joynal', 'Abedin', NULL, NULL, NULL, NULL, NULL, NULL, NULL, 2, 24, '2020-06-24 15:07:31', '2020-06-24 15:07:31'),
(63, 'Malek', 'Contractor', NULL, NULL, NULL, NULL, NULL, NULL, NULL, 2, 25, '2020-06-24 19:53:16', '2020-06-24 19:53:16'),
(64, 'Masud', 'Contractor', NULL, NULL, NULL, NULL, NULL, NULL, NULL, 2, 26, '2020-06-24 19:54:14', '2020-06-24 19:54:14'),
(65, 'Zafor', 'Contractor', NULL, NULL, NULL, NULL, NULL, NULL, NULL, 2, 27, '2020-06-24 19:55:21', '2020-06-24 19:55:21'),
(66, 'Hashmat', 'Contractor', NULL, NULL, NULL, NULL, NULL, NULL, NULL, 2, 28, '2020-06-24 19:56:11', '2020-06-24 19:56:11'),
(67, 'Masud', 'Kamal', NULL, NULL, NULL, NULL, NULL, NULL, NULL, 2, 29, '2020-06-25 12:07:12', '2020-06-25 12:07:12'),
(68, 'Ashikur', 'Khondoker', NULL, NULL, NULL, NULL, NULL, NULL, NULL, 2, 30, '2020-06-25 12:09:23', '2020-07-05 12:15:24'),
(69, 'Masud', 'Parvez', NULL, NULL, NULL, NULL, NULL, NULL, NULL, 2, 35, '2020-06-29 12:50:31', '2020-06-29 12:50:31'),
(70, 'Monirul', 'Sylhet', NULL, NULL, NULL, NULL, NULL, NULL, NULL, 2, 36, '2020-06-29 12:52:14', '2020-06-29 12:52:14'),
(71, 'Zakir', 'Mymensingh', NULL, NULL, NULL, NULL, NULL, NULL, NULL, 2, 37, '2020-06-29 17:49:47', '2020-06-29 17:49:47'),
(72, 'Hazi Nasir', 'Hazi Enterprise', NULL, NULL, NULL, NULL, NULL, NULL, NULL, 2, 38, '2020-06-29 17:50:58', '2020-06-29 20:03:07'),
(73, 'Rajib', 'Mechanic', NULL, NULL, NULL, NULL, NULL, NULL, NULL, 2, 39, '2020-07-01 14:41:38', '2020-07-01 14:41:38'),
(74, 'Anup', 'Mojumdar', NULL, NULL, NULL, NULL, NULL, NULL, NULL, 2, 40, '2020-07-06 14:37:53', '2020-07-06 14:37:53'),
(75, 'Shahid', 'Contractor', NULL, NULL, NULL, NULL, NULL, NULL, NULL, 2, 41, '2020-07-08 19:05:43', '2020-07-08 19:05:43'),
(76, 'Control', 'Wire', NULL, NULL, NULL, NULL, NULL, NULL, NULL, 2, 42, '2020-07-08 19:06:59', '2020-07-08 19:06:59'),
(77, 'Ibrahim', 'Jointer', NULL, NULL, NULL, NULL, NULL, NULL, NULL, 2, 43, '2020-07-08 19:09:28', '2020-07-08 19:09:28'),
(78, 'A.N.M Tanjir', 'Rahman', NULL, NULL, NULL, NULL, NULL, NULL, NULL, 1, 44, '2020-07-08 21:27:57', '2020-07-08 21:27:57'),
(79, 'Saiful Islam', 'MSS', NULL, NULL, NULL, NULL, NULL, NULL, NULL, 2, 45, '2020-07-16 22:32:10', '2020-07-16 22:32:10'),
(80, 'Md. Babul', 'Hossein (Anit)', NULL, NULL, NULL, NULL, NULL, NULL, '01912918590', 1, 46, '2020-07-20 21:59:59', '2020-07-20 21:59:59');

-- --------------------------------------------------------

--
-- Table structure for table `user_types`
--

CREATE TABLE `user_types` (
  `id` int(10) UNSIGNED NOT NULL,
  `u_title` varchar(191) COLLATE utf8mb4_unicode_ci NOT NULL,
  `status` tinyint(1) NOT NULL,
  `created_at` timestamp NULL DEFAULT NULL,
  `updated_at` timestamp NULL DEFAULT NULL
) ENGINE=InnoDB DEFAULT CHARSET=utf8mb4 COLLATE=utf8mb4_unicode_ci;

--
-- Dumping data for table `user_types`
--

INSERT INTO `user_types` (`id`, `u_title`, `status`, `created_at`, `updated_at`) VALUES
(1, 'Admin', 1, '2019-07-29 06:00:30', '2019-07-29 06:00:30'),
(2, 'Employer', 1, '2019-07-29 22:52:01', '2019-07-29 22:52:01'),
(3, 'Supplier', 1, '2019-07-29 22:52:13', '2019-07-29 22:52:13'),
(4, 'constructor', 1, '2019-07-29 22:52:48', '2019-07-29 22:52:48'),
(5, 'HR', 1, '2019-08-26 02:52:18', '2019-08-26 02:52:18'),
(6, 'Vendor', 1, '2020-06-10 17:19:02', '2020-06-10 17:19:02'),
(7, 'Manager', 1, '2020-06-10 17:33:38', '2020-06-10 17:33:38');

-- --------------------------------------------------------

--
-- Table structure for table `vochers`
--

CREATE TABLE `vochers` (
  `id` int(10) UNSIGNED NOT NULL,
  `total_amount` decimal(8,2) NOT NULL,
  `user_id` int(10) UNSIGNED DEFAULT NULL,
  `comments` varchar(191) COLLATE utf8mb4_unicode_ci DEFAULT NULL,
  `file` varchar(191) COLLATE utf8mb4_unicode_ci DEFAULT NULL,
  `status` smallint(6) NOT NULL DEFAULT '1',
  `voucher_id` varchar(191) COLLATE utf8mb4_unicode_ci DEFAULT NULL,
  `payment_id` int(10) UNSIGNED DEFAULT NULL,
  `created_at` timestamp NULL DEFAULT NULL,
  `updated_at` timestamp NULL DEFAULT NULL
) ENGINE=InnoDB DEFAULT CHARSET=utf8mb4 COLLATE=utf8mb4_unicode_ci;

-- --------------------------------------------------------

--
-- Table structure for table `vocher_details`
--

CREATE TABLE `vocher_details` (
  `id` int(10) UNSIGNED NOT NULL,
  `amount` decimal(10,2) NOT NULL,
  `vocher_id` int(10) UNSIGNED DEFAULT NULL,
  `payment_id` int(10) UNSIGNED DEFAULT NULL,
  `project_id` int(10) UNSIGNED DEFAULT NULL,
  `filenames` varchar(191) COLLATE utf8mb4_unicode_ci DEFAULT NULL,
  `created_at` timestamp NULL DEFAULT NULL,
  `updated_at` timestamp NULL DEFAULT NULL
) ENGINE=InnoDB DEFAULT CHARSET=utf8mb4 COLLATE=utf8mb4_unicode_ci;

-- --------------------------------------------------------

--
-- Table structure for table `vouchers`
--

CREATE TABLE `vouchers` (
  `id` int(10) UNSIGNED NOT NULL,
  `voucher_generate_id` varchar(191) COLLATE utf8mb4_unicode_ci DEFAULT NULL,
  `total_amount` decimal(10,2) NOT NULL DEFAULT '0.00',
  `created_by` int(10) UNSIGNED DEFAULT NULL,
  `updated_by` int(10) UNSIGNED DEFAULT NULL,
  `expenditure_sector_id` int(10) UNSIGNED DEFAULT NULL,
  `status` smallint(6) NOT NULL DEFAULT '1',
  `created_at` timestamp NULL DEFAULT NULL,
  `updated_at` timestamp NULL DEFAULT NULL,
  `deleted_at` timestamp NULL DEFAULT NULL
) ENGINE=InnoDB DEFAULT CHARSET=utf8mb4 COLLATE=utf8mb4_unicode_ci;

--
-- Dumping data for table `vouchers`
--

INSERT INTO `vouchers` (`id`, `voucher_generate_id`, `total_amount`, `created_by`, `updated_by`, `expenditure_sector_id`, `status`, `created_at`, `updated_at`, `deleted_at`) VALUES
(1, '990720200001', '3223.00', 1, NULL, 8, 1, '2020-07-08 02:28:27', '2020-07-08 02:28:31', NULL),
(2, NULL, '20000.00', 6, NULL, 22, 0, '2020-07-09 17:00:38', '2020-07-09 17:00:38', NULL),
(3, '030720200001', '160.00', 6, NULL, 1, 1, '2020-07-09 17:26:27', '2020-07-09 17:26:58', NULL),
(4, '030720200002', '22010.00', 6, NULL, 22, 1, '2020-07-09 17:26:27', '2020-07-09 17:26:58', NULL),
(5, '030720200003', '5850.00', 6, NULL, 26, 1, '2020-07-11 17:57:11', '2020-07-11 17:57:19', NULL),
(6, '030720200004', '12023.00', 6, NULL, 40, 1, '2020-07-11 18:18:33', '2020-07-11 18:18:49', NULL),
(7, '050720200001', '12023.00', 6, NULL, 40, 1, '2020-07-11 18:18:33', '2020-07-11 18:18:49', NULL),
(8, '030720200005', '1520.00', 6, NULL, 1, 1, '2020-07-11 18:26:45', '2020-07-11 18:26:52', NULL),
(9, '030720200006', '7500.00', 6, NULL, 22, 1, '2020-07-11 18:30:49', '2020-07-11 18:30:56', NULL),
(10, '030720200007', '30.00', 6, NULL, 21, 1, '2020-07-11 18:33:02', '2020-07-11 18:33:04', NULL),
(11, '030720200008', '2150.00', 6, NULL, 22, 1, '2020-07-11 18:35:32', '2020-07-11 18:35:39', NULL),
(12, '030720200009', '500.00', 6, NULL, 41, 1, '2020-07-11 18:42:51', '2020-07-11 18:42:54', NULL),
(13, '030720200010', '2100.00', 6, NULL, 13, 1, '2020-07-11 18:44:51', '2020-07-11 18:44:53', NULL),
(14, '030720200011', '2555.00', 6, NULL, 19, 1, '2020-07-11 18:47:35', '2020-07-11 18:47:37', NULL),
(15, '030720200012', '670.00', 6, NULL, 19, 1, '2020-07-11 18:51:47', '2020-07-11 18:51:49', NULL),
(16, '030720200013', '11414.00', 6, NULL, 20, 1, '2020-07-11 18:55:52', '2020-07-11 18:55:59', NULL),
(17, '050720200002', '1215.00', 6, NULL, 1, 1, '2020-07-11 18:57:43', '2020-07-11 18:57:46', NULL),
(18, '030720200014', '4794.00', 6, NULL, 36, 1, '2020-07-11 19:01:18', '2020-07-11 19:01:20', NULL),
(19, '010720200001', '435.00', 6, NULL, 10, 1, '2020-07-11 19:04:22', '2020-07-11 19:04:25', NULL),
(20, '010720200002', '5200.00', 6, NULL, 26, 1, '2020-07-11 19:07:38', '2020-07-11 19:07:46', NULL),
(21, '090720200001', '13105.00', 6, NULL, 4, 1, '2020-07-11 19:11:02', '2020-07-11 19:11:06', NULL),
(22, '090720200002', '6710.00', 6, NULL, 19, 1, '2020-07-11 19:14:58', '2020-07-11 19:15:02', NULL),
(23, '090720200003', '6410.00', 6, NULL, 1, 1, '2020-07-11 19:31:39', '2020-07-11 19:31:42', NULL),
(24, '010720200003', '7743.00', 6, NULL, 7, 1, '2020-07-11 19:44:00', '2020-07-11 19:44:25', NULL),
(25, '010720200004', '420.00', 6, NULL, 26, 1, '2020-07-11 19:44:00', '2020-07-11 19:44:25', NULL),
(26, '010720200005', '2400.00', 6, NULL, 26, 1, '2020-07-11 19:44:00', '2020-07-11 19:44:25', NULL),
(27, '010720200006', '9100.00', 6, NULL, 22, 1, '2020-07-11 19:50:49', '2020-07-11 19:50:51', NULL),
(28, NULL, '65.00', 6, NULL, 20, 0, '2020-07-11 19:55:00', '2020-07-11 19:55:00', NULL),
(29, NULL, '700.00', 6, NULL, 19, 0, '2020-07-11 19:55:00', '2020-07-11 19:55:00', NULL),
(30, '050720200003', '65.00', 6, NULL, 20, 1, '2020-07-11 19:55:43', '2020-07-11 19:56:35', NULL),
(31, '050720200004', '700.00', 6, NULL, 19, 1, '2020-07-11 19:55:43', '2020-07-11 19:56:35', NULL),
(32, '010720200007', '3000.00', 6, NULL, 4, 1, '2020-07-11 20:00:43', '2020-07-11 20:00:47', NULL),
(33, '010720200008', '2000.00', 6, NULL, 4, 1, '2020-07-11 20:12:03', '2020-07-11 20:12:08', NULL),
(34, '010720200009', '150.00', 6, NULL, 22, 1, '2020-07-11 20:25:59', '2020-07-11 20:26:05', NULL),
(35, '010720200010', '150.00', 6, NULL, 30, 1, '2020-07-11 20:27:47', '2020-07-11 20:27:54', NULL),
(36, '050720200005', '173.00', 6, NULL, 10, 1, '2020-07-11 20:29:37', '2020-07-11 20:29:43', NULL),
(37, '050720200006', '300.00', 6, NULL, 4, 1, '2020-07-11 20:30:46', '2020-07-11 20:30:55', NULL),
(38, '070720200001', '10695.00', 6, NULL, 20, 1, '2020-07-11 20:33:22', '2020-07-11 20:33:25', NULL),
(39, '070720200002', '90.00', 6, NULL, 21, 1, '2020-07-11 20:34:33', '2020-07-11 20:34:38', NULL),
(40, '070720200003', '140.00', 6, NULL, 19, 1, '2020-07-11 20:35:16', '2020-07-11 20:35:19', NULL),
(41, '070720200004', '1339.00', 6, NULL, 35, 1, '2020-07-11 20:39:25', '2020-07-11 20:39:29', NULL),
(42, '070720200005', '510.00', 6, NULL, 1, 1, '2020-07-11 20:39:25', '2020-07-11 20:39:29', NULL),
(43, '070720200006', '6500.00', 6, NULL, 29, 1, '2020-07-11 20:39:25', '2020-07-11 20:39:29', NULL),
(44, '090720200004', '6500.00', 6, NULL, 29, 1, '2020-07-11 20:59:26', '2020-07-11 20:59:50', NULL),
(45, '090720200005', '2200.00', 6, NULL, 42, 1, '2020-07-11 21:02:26', '2020-07-11 21:02:33', NULL),
(46, '090720200006', '6500.00', 6, NULL, 43, 1, '2020-07-11 21:03:43', '2020-07-11 21:03:54', NULL),
(47, '090720200007', '4000.00', 6, NULL, 43, 1, '2020-07-11 21:04:37', '2020-07-11 21:04:41', NULL),
(48, '090720200008', '30000.00', 6, NULL, 6, 1, '2020-07-11 21:08:49', '2020-07-11 21:08:59', NULL),
(49, '090720200009', '8000.00', 6, NULL, 36, 1, '2020-07-11 21:08:49', '2020-07-11 21:08:59', NULL),
(50, '090720200010', '3000.00', 6, NULL, 26, 1, '2020-07-11 21:08:49', '2020-07-11 21:08:59', NULL),
(51, '090720200011', '440.00', 6, NULL, 20, 1, '2020-07-11 21:08:49', '2020-07-11 21:08:59', NULL),
(52, '090720200012', '46.00', 6, NULL, 10, 1, '2020-07-11 21:08:49', '2020-07-11 21:08:59', NULL),
(53, '010720200011', '6870.00', 6, NULL, 1, 1, '2020-07-11 21:28:24', '2020-07-11 21:28:34', NULL),
(54, '010720200012', '11160.00', 6, NULL, 20, 1, '2020-07-11 21:28:24', '2020-07-11 21:28:34', NULL),
(55, '010720200013', '20733.00', 6, NULL, 19, 1, '2020-07-11 21:28:24', '2020-07-11 21:28:34', NULL),
(56, '010720200014', '8562.00', 6, NULL, 4, 1, '2020-07-11 21:28:24', '2020-07-11 21:28:34', NULL),
(57, '010720200015', '5270.00', 6, NULL, 21, 1, '2020-07-11 21:28:24', '2020-07-11 21:28:34', NULL),
(58, '010720200016', '5690.00', 6, NULL, 20, 1, '2020-07-11 21:38:28', '2020-07-11 21:38:30', NULL),
(59, '010720200017', '20400.00', 6, NULL, 44, 1, '2020-07-11 21:39:47', '2020-07-11 21:39:52', NULL),
(60, '010720200018', '21375.00', 6, NULL, 6, 1, '2020-07-11 21:40:49', '2020-07-11 21:41:02', NULL),
(61, '010720200019', '20250.00', 6, NULL, 45, 1, '2020-07-11 21:43:40', '2020-07-11 21:43:47', NULL),
(62, '030720200015', '240000.00', 6, NULL, 2, 1, '2020-07-11 22:40:19', '2020-07-11 22:40:38', NULL),
(63, '030720200017', '2227124.00', 6, NULL, 3, 1, '2020-07-12 18:19:13', '2020-07-12 18:20:29', NULL),
(64, '030720200018', '25200.00', 6, NULL, 46, 1, '2020-07-12 18:29:33', '2020-07-12 18:29:44', NULL),
(65, '030720200019', '80000.00', 6, NULL, 2, 1, '2020-07-12 18:29:59', '2020-07-14 21:34:06', '2020-07-14 21:34:06'),
(66, '030720200020', '20370.00', 6, NULL, 46, 1, '2020-07-12 18:31:24', '2020-07-12 18:31:28', NULL),
(67, '030720200021', '23900.00', 6, NULL, 46, 1, '2020-07-12 18:34:10', '2020-07-12 18:34:19', NULL),
(68, '030720200022', '14440.00', 6, NULL, 46, 1, '2020-07-12 18:35:16', '2020-07-12 18:35:32', NULL),
(69, '030720200023', '28350.00', 6, NULL, 46, 1, '2020-07-12 18:37:28', '2020-07-12 18:37:32', NULL),
(70, '030720200024', '19944.00', 6, NULL, 46, 1, '2020-07-12 18:38:11', '2020-07-12 18:38:36', NULL),
(71, '030720200025', '20760.00', 6, NULL, 46, 1, '2020-07-12 18:39:37', '2020-07-12 18:39:41', NULL),
(72, '030720200026', '32250.00', 6, NULL, 17, 1, '2020-07-12 18:41:51', '2020-07-12 18:42:10', NULL),
(73, '030720200027', '37000.00', 6, NULL, 31, 1, '2020-07-12 18:41:51', '2020-07-12 18:42:10', NULL),
(74, '030720200028', '1959652.00', 6, NULL, 3, 1, '2020-07-12 21:35:29', '2020-07-12 21:36:25', NULL),
(75, '010720200020', '500.00', 6, NULL, 26, 1, '2020-07-12 21:46:01', '2020-07-12 21:46:27', NULL),
(76, '010720200021', '5099.00', 6, NULL, 20, 1, '2020-07-12 21:46:01', '2020-07-12 21:46:27', NULL),
(77, '010720200022', '2165.00', 6, NULL, 19, 1, '2020-07-12 21:46:01', '2020-07-12 21:46:27', NULL),
(78, '010720200023', '800.00', 6, NULL, 1, 1, '2020-07-12 21:46:01', '2020-07-12 21:46:27', NULL),
(79, '010720200024', '640.00', 6, NULL, 21, 1, '2020-07-12 21:46:01', '2020-07-12 21:46:27', NULL),
(80, NULL, '45000.00', 6, NULL, 43, 0, '2020-07-12 21:57:17', '2020-07-12 21:57:17', NULL),
(81, NULL, '45000.00', 6, NULL, 43, 0, '2020-07-12 21:58:13', '2020-07-12 21:58:13', NULL),
(82, NULL, '610000.00', 6, NULL, 47, 0, '2020-07-12 21:58:13', '2020-07-12 21:58:13', NULL),
(83, '070720200007', '610000.00', 6, NULL, 47, 1, '2020-07-12 21:59:48', '2020-07-12 22:00:27', NULL),
(84, '070720200008', '45000.00', 6, NULL, 43, 1, '2020-07-12 21:59:48', '2020-07-12 22:00:27', NULL),
(85, '070720200009', '2025.00', 6, NULL, 15, 1, '2020-07-12 22:45:55', '2020-07-12 22:46:07', NULL),
(86, '070720200010', '34500.00', 6, NULL, 23, 1, '2020-07-12 22:45:55', '2020-07-12 22:46:07', NULL),
(87, '090720200013', '1200.00', 6, NULL, 15, 1, '2020-07-14 19:24:54', '2020-07-14 19:25:44', NULL),
(88, '090720200014', '75475.00', 6, NULL, 15, 1, '2020-07-14 19:24:54', '2020-07-14 19:25:44', NULL),
(89, '070720200011', '1000.00', 6, NULL, 13, 1, '2020-07-14 19:24:54', '2020-07-14 19:25:44', NULL),
(90, '070720200012', '640000.00', 6, NULL, 48, 1, '2020-07-14 19:24:54', '2020-07-14 19:25:44', NULL),
(91, '090720200015', '445000.00', 6, NULL, 48, 1, '2020-07-14 19:24:54', '2020-07-14 19:25:44', NULL),
(92, '070720200013', '79000.00', 6, NULL, 48, 1, '2020-07-14 19:28:00', '2020-07-14 19:28:20', NULL),
(93, '090720200016', '26957.00', 6, NULL, 23, 1, '2020-07-14 19:28:00', '2020-07-14 19:28:20', NULL),
(94, '030720200029', '1150.00', 6, NULL, 16, 1, '2020-07-14 19:28:00', '2020-07-14 19:28:20', NULL),
(95, '050720200007', '1150.00', 6, NULL, 16, 1, '2020-07-14 19:28:00', '2020-07-14 19:28:20', NULL),
(96, '030720200030', '520.00', 6, NULL, 1, 1, '2020-07-14 20:15:33', '2020-07-14 20:15:37', NULL),
(97, '050720200008', '685.00', 6, NULL, 1, 1, '2020-07-14 20:15:33', '2020-07-14 20:15:37', NULL),
(98, '090720200017', '2500.00', 6, NULL, 19, 1, '2020-07-14 20:15:33', '2020-07-14 20:15:37', NULL),
(99, '030720200031', '1000.00', 6, NULL, 22, 1, '2020-07-14 20:15:33', '2020-07-14 20:15:37', NULL),
(100, '010720200025', '13380.00', 6, NULL, 20, 1, '2020-07-14 20:22:50', '2020-07-14 20:23:15', NULL),
(101, '010720200026', '1860.00', 6, NULL, 1, 1, '2020-07-14 20:22:50', '2020-07-14 20:23:15', NULL),
(102, '090720200018', '2175.00', 6, NULL, 1, 1, '2020-07-14 20:22:50', '2020-07-14 20:23:15', NULL),
(103, '010720200027', '600.00', 6, NULL, 19, 1, '2020-07-14 20:22:50', '2020-07-14 20:23:15', NULL),
(104, '010720200028', '3000.00', 6, NULL, 26, 1, '2020-07-14 20:41:21', '2020-07-14 20:41:26', NULL),
(105, '010720200029', '4000.00', 6, NULL, 4, 1, '2020-07-18 17:33:18', '2020-07-18 17:33:45', NULL),
(106, '010720200030', '3425.00', 6, NULL, 4, 1, '2020-07-18 17:33:18', '2020-07-18 17:33:45', NULL),
(107, '010720200031', '3198.00', 6, NULL, 20, 1, '2020-07-18 17:33:18', '2020-07-18 17:33:45', NULL),
(108, '010720200032', '3540.00', 6, NULL, 1, 1, '2020-07-18 17:33:18', '2020-07-18 17:33:45', NULL),
(109, '010720200033', '2640.00', 6, NULL, 21, 1, '2020-07-18 17:38:08', '2020-07-18 17:38:25', NULL),
(110, '010720200034', '22220.00', 6, NULL, 19, 1, '2020-07-18 17:38:08', '2020-07-18 17:38:25', NULL),
(111, '010720200035', '6000.00', 6, NULL, 22, 1, '2020-07-18 17:38:08', '2020-07-18 17:38:25', NULL),
(112, '010720200036', '2500.00', 6, NULL, 4, 1, '2020-07-18 17:38:08', '2020-07-18 17:38:25', NULL),
(113, '010720200037', '2182.00', 6, NULL, 19, 1, '2020-07-18 17:42:12', '2020-07-18 17:42:40', NULL),
(114, '010720200038', '500.00', 6, NULL, 22, 1, '2020-07-18 17:42:12', '2020-07-18 17:42:40', NULL),
(115, '010720200039', '20000.00', 6, NULL, 6, 1, '2020-07-18 17:42:12', '2020-07-18 17:42:40', NULL),
(116, '090720200019', '1000.00', 6, NULL, 26, 1, '2020-07-18 18:32:43', '2020-07-18 18:33:13', NULL),
(117, '090720200020', '38195.00', 6, NULL, 19, 1, '2020-07-18 18:32:44', '2020-07-18 18:33:13', NULL),
(118, '090720200021', '3310.00', 6, NULL, 20, 1, '2020-07-18 18:32:44', '2020-07-18 18:33:13', NULL),
(119, '090720200022', '17000.00', 6, NULL, 48, 1, '2020-07-18 18:32:44', '2020-07-18 18:33:13', NULL),
(120, '090720200023', '340.00', 6, NULL, 1, 1, '2020-07-18 18:40:35', '2020-07-18 18:40:51', NULL),
(121, '090720200024', '580.00', 6, NULL, 1, 1, '2020-07-18 18:40:35', '2020-07-18 18:40:51', NULL),
(122, '090720200025', '50000.00', 6, NULL, 29, 1, '2020-07-18 18:40:35', '2020-07-18 18:40:51', NULL),
(123, '090720200026', '47600.00', 6, NULL, 44, 1, '2020-07-18 18:40:35', '2020-07-18 18:40:51', NULL),
(124, '090720200027', '3130.00', 6, NULL, 22, 1, '2020-07-18 18:40:35', '2020-07-18 18:40:51', NULL),
(125, '090720200028', '4681.00', 6, NULL, 4, 1, '2020-07-18 18:40:35', '2020-07-18 18:40:51', NULL),
(126, NULL, '5200.00', 6, NULL, 49, 0, '2020-07-18 18:53:48', '2020-07-18 18:53:48', NULL),
(127, '070720200014', '6500.00', 6, NULL, 22, 1, '2020-07-18 18:55:15', '2020-07-18 18:55:40', NULL),
(128, '070720200015', '5200.00', 6, NULL, 49, 1, '2020-07-18 18:55:15', '2020-07-18 18:55:40', NULL),
(129, '070720200016', '3735.00', 6, NULL, 20, 1, '2020-07-18 18:55:15', '2020-07-18 18:55:40', NULL),
(130, '070720200017', '1000.00', 6, NULL, 26, 1, '2020-07-18 18:55:15', '2020-07-18 18:55:40', NULL),
(131, '070720200018', '4000.00', 6, NULL, 36, 1, '2020-07-18 19:01:07', '2020-07-18 19:01:23', NULL),
(132, '070720200019', '61550.00', 6, NULL, 19, 1, '2020-07-18 19:01:07', '2020-07-18 19:01:23', NULL),
(133, '070720200020', '5300.00', 6, NULL, 23, 1, '2020-07-18 19:01:07', '2020-07-18 19:01:23', NULL),
(134, '070720200021', '1300.00', 6, NULL, 26, 1, '2020-07-18 19:01:07', '2020-07-18 19:01:23', NULL),
(135, NULL, '10807.00', 6, NULL, 29, 0, '2020-07-18 19:04:09', '2020-07-18 19:04:09', NULL),
(136, NULL, '36500.00', 6, NULL, 47, 0, '2020-07-18 19:04:09', '2020-07-18 19:04:09', NULL),
(137, '070720200022', '10807.00', 6, NULL, 23, 1, '2020-07-18 19:04:51', '2020-07-18 19:05:00', NULL),
(138, '070720200023', '19000.00', 6, NULL, 47, 1, '2020-07-18 19:04:51', '2020-07-18 19:05:00', NULL),
(139, '070720200024', '1290.00', 6, NULL, 1, 1, '2020-07-18 19:09:15', '2020-07-18 19:09:22', NULL),
(140, '070720200025', '1220.00', 6, NULL, 1, 1, '2020-07-18 19:09:15', '2020-07-18 19:09:22', NULL),
(141, '070720200026', '17500.00', 6, NULL, 47, 1, '2020-07-18 19:09:15', '2020-07-18 19:09:22', NULL),
(142, '030720200032', '200000.00', 6, NULL, 48, 1, '2020-07-18 19:22:30', '2020-07-18 19:22:46', NULL),
(143, NULL, '2447.00', 6, NULL, 7, 0, '2020-07-18 20:19:24', '2020-07-18 20:19:24', NULL),
(144, NULL, '23000.00', 6, NULL, 6, 0, '2020-07-18 20:19:24', '2020-07-18 20:19:24', NULL),
(145, NULL, '3060.00', 6, NULL, 46, 0, '2020-07-18 20:19:24', '2020-07-18 20:19:24', NULL),
(146, NULL, '537700.00', 6, NULL, 3, 0, '2020-07-18 20:19:24', '2020-07-18 20:19:24', NULL),
(147, '050720200009', '2447.00', 6, NULL, 7, 1, '2020-07-18 20:21:05', '2020-07-18 20:21:13', NULL),
(148, '050720200010', '3060.00', 6, NULL, 46, 1, '2020-07-18 20:21:05', '2020-07-18 20:21:13', NULL),
(149, '050720200011', '23000.00', 6, NULL, 6, 1, '2020-07-18 20:21:05', '2020-07-18 20:21:13', NULL),
(150, '050720200012', '537700.00', 6, NULL, 3, 1, '2020-07-18 20:21:05', '2020-07-18 20:21:13', NULL),
(151, '030720200033', '15000.00', 6, NULL, 36, 1, '2020-07-18 20:57:37', '2020-07-18 20:57:48', NULL),
(152, '030720200034', '405.00', 6, NULL, 1, 1, '2020-07-18 20:57:37', '2020-07-18 20:57:48', NULL),
(153, '030720200035', '1975.00', 6, NULL, 4, 1, '2020-07-18 20:57:37', '2020-07-18 20:57:48', NULL),
(154, '030720200036', '2900.00', 6, NULL, 49, 1, '2020-07-18 21:03:28', '2020-07-18 21:03:51', NULL),
(155, '030720200037', '56595.00', 6, NULL, 2, 1, '2020-07-18 21:03:28', '2020-07-18 21:03:51', NULL),
(156, '030720200038', '2234.00', 6, NULL, 19, 1, '2020-07-18 21:03:28', '2020-07-18 21:03:51', NULL),
(157, '030720200039', '1150.00', 6, NULL, 4, 1, '2020-07-18 21:03:28', '2020-07-18 21:03:51', NULL),
(158, '030720200040', '955.00', 6, NULL, 1, 1, '2020-07-18 21:04:37', '2020-07-18 21:04:42', NULL),
(159, '030720200041', '12000.00', 6, NULL, 6, 1, '2020-07-18 22:20:39', '2020-07-18 22:20:54', NULL),
(160, '030720200042', '900.00', 6, NULL, 26, 1, '2020-07-18 22:20:39', '2020-07-18 22:20:54', NULL),
(161, '030720200043', '2220.00', 6, NULL, 4, 1, '2020-07-18 22:20:39', '2020-07-18 22:20:54', NULL),
(162, '050720200013', '20450.00', 6, NULL, 22, 1, '2020-07-18 22:20:39', '2020-07-18 22:20:54', NULL),
(163, '050720200014', '9815.00', 6, NULL, 2, 1, '2020-07-18 22:25:44', '2020-07-18 22:25:50', NULL),
(164, '030720200044', '117058.00', 6, NULL, 2, 1, '2020-07-18 22:25:44', '2020-07-18 22:25:50', NULL),
(165, '030720200045', '915.00', 6, NULL, 1, 1, '2020-07-18 22:25:44', '2020-07-18 22:25:50', NULL),
(166, '030720200046', '11750.00', 6, NULL, 49, 1, '2020-07-18 22:25:44', '2020-07-18 22:25:50', NULL),
(167, '050720200015', '2030322.00', 6, NULL, 3, 1, '2020-07-18 23:32:37', '2020-07-18 23:32:43', NULL),
(168, '050720200016', '239500.00', 6, NULL, 31, 1, '2020-07-18 23:34:16', '2020-07-18 23:34:24', NULL),
(169, '050720200017', '29710.00', 6, NULL, 46, 1, '2020-07-18 23:37:52', '2020-07-18 23:37:55', NULL),
(170, '050720200018', '21073.00', 6, NULL, 46, 1, '2020-07-18 23:39:04', '2020-07-18 23:39:08', NULL),
(171, '050720200019', '52225.00', 6, NULL, 46, 1, '2020-07-18 23:41:19', '2020-07-18 23:41:22', NULL),
(172, '050720200020', '18732.00', 6, NULL, 46, 1, '2020-07-18 23:42:29', '2020-07-18 23:42:32', NULL),
(173, '050720200021', '31635.00', 6, NULL, 46, 1, '2020-07-18 23:43:14', '2020-07-18 23:43:17', NULL),
(174, '050720200022', '26003.00', 6, NULL, 46, 1, '2020-07-18 23:43:54', '2020-07-18 23:44:01', NULL),
(175, '050720200023', '26885.00', 6, NULL, 46, 1, '2020-07-18 23:45:30', '2020-07-18 23:45:39', NULL),
(176, NULL, '19885.00', 6, NULL, 46, 0, '2020-07-18 23:46:20', '2020-07-18 23:46:20', NULL),
(177, '050720200024', '19885.00', 6, NULL, 46, 1, '2020-07-18 23:47:15', '2020-07-18 23:47:24', NULL),
(178, '050720200025', '22000.00', 6, NULL, 50, 1, '2020-07-19 00:09:06', '2020-07-19 00:09:13', NULL),
(179, NULL, '40000.00', 6, NULL, 3, 0, '2020-07-20 17:35:49', '2020-07-20 17:35:49', NULL),
(180, NULL, '40000.00', 6, NULL, 3, 0, '2020-07-20 17:35:49', '2020-07-20 17:35:49', NULL),
(181, '070720200027', '14133.00', 6, NULL, 3, 1, '2020-07-20 17:36:25', '2020-07-20 17:36:34', NULL),
(182, '070720200028', '40000.00', 6, NULL, 3, 1, '2020-07-20 17:36:25', '2020-07-20 17:36:34', NULL),
(183, '090720200029', '40000.00', 6, NULL, 3, 1, '2020-07-20 17:36:25', '2020-07-20 17:36:34', NULL),
(184, NULL, '73500.00', 6, NULL, 2, 0, '2020-07-20 20:06:38', '2020-07-20 20:06:38', NULL),
(185, '070720200029', '23966.00', 6, NULL, 20, 1, '2020-07-20 20:40:57', '2020-07-20 20:41:06', NULL),
(186, '090720200030', '27214.00', 6, NULL, 20, 1, '2020-07-20 20:40:57', '2020-07-20 20:41:06', NULL),
(187, '090720200031', '44550.00', 6, NULL, 44, 1, '2020-07-20 20:40:57', '2020-07-20 20:41:06', NULL),
(188, '010720200040', '55000.00', 6, NULL, 6, 1, '2020-07-20 20:40:57', '2020-07-20 20:41:06', NULL),
(189, '010720200041', '60000.00', 6, NULL, 51, 1, '2020-07-20 20:40:57', '2020-07-20 20:41:06', NULL),
(190, NULL, '2882.00', 6, NULL, 26, 0, '2020-07-20 21:41:20', '2020-07-20 21:41:20', NULL),
(191, NULL, '11196.00', 6, NULL, 19, 0, '2020-07-20 21:41:20', '2020-07-20 21:41:20', NULL),
(192, NULL, '5000.00', 6, NULL, 19, 0, '2020-07-20 21:41:20', '2020-07-20 21:41:20', NULL),
(193, NULL, '8700.00', 6, NULL, 44, 0, '2020-07-20 21:41:20', '2020-07-20 21:41:20', NULL),
(194, '010720200042', '11196.00', 6, NULL, 19, 1, '2020-07-20 21:42:34', '2020-07-20 21:42:47', NULL),
(195, '070720200030', '5000.00', 6, NULL, 19, 1, '2020-07-20 21:42:34', '2020-07-20 21:42:47', NULL),
(196, '010720200043', '8700.00', 6, NULL, 44, 1, '2020-07-20 21:42:34', '2020-07-20 21:42:47', NULL),
(197, '010720200044', '1182.00', 6, NULL, 26, 1, '2020-07-20 21:42:34', '2020-07-20 21:42:47', NULL),
(198, '010720200045', '1700.00', 6, NULL, 26, 1, '2020-07-20 21:43:04', '2020-07-20 21:43:07', NULL),
(199, '070720200031', '20000.00', 6, NULL, 48, 1, '2020-07-20 21:52:18', '2020-07-20 21:52:20', NULL),
(200, '010720200046', '2770.00', 6, NULL, 1, 1, '2020-07-22 18:21:23', '2020-07-22 18:22:08', NULL),
(201, '010720200047', '1800.00', 6, NULL, 21, 1, '2020-07-22 18:21:23', '2020-07-22 18:22:08', NULL),
(202, '010720200048', '9042.00', 6, NULL, 4, 1, '2020-07-22 18:21:23', '2020-07-22 18:22:08', NULL),
(203, '010720200049', '5404.00', 6, NULL, 4, 1, '2020-07-22 18:21:23', '2020-07-22 18:22:08', NULL),
(204, '010720200050', '4622.00', 6, NULL, 20, 1, '2020-07-22 18:21:23', '2020-07-22 18:22:08', NULL),
(205, '010720200051', '289.00', 6, NULL, 10, 1, '2020-07-22 18:21:23', '2020-07-22 18:22:08', NULL),
(206, '090720200032', '2500.00', 6, NULL, 36, 1, '2020-07-22 18:44:08', '2020-07-22 18:44:14', NULL),
(207, '090720200033', '4290.00', 6, NULL, 19, 1, '2020-07-22 18:44:08', '2020-07-22 18:44:14', NULL),
(208, '090720200034', '2775.00', 6, NULL, 1, 1, '2020-07-22 18:44:09', '2020-07-22 18:44:14', NULL),
(209, '090720200035', '6500.00', 6, NULL, 42, 1, '2020-07-22 18:44:09', '2020-07-22 18:44:14', NULL),
(210, '090720200036', '455.00', 6, NULL, 52, 1, '2020-07-22 18:44:09', '2020-07-22 18:44:14', NULL),
(211, '090720200037', '3634.00', 6, NULL, 20, 1, '2020-07-22 18:44:57', '2020-07-22 18:45:05', NULL),
(212, '090720200038', '2000.00', 6, NULL, 26, 1, '2020-07-22 18:44:57', '2020-07-22 18:45:05', NULL),
(213, '090720200039', '4958.00', 6, NULL, 4, 1, '2020-07-22 18:44:57', '2020-07-22 18:45:05', NULL),
(214, '050720200026', '460.00', 6, NULL, 1, 1, '2020-07-22 19:35:58', '2020-07-22 19:36:04', NULL),
(215, '030720200047', '2700.00', 6, NULL, 26, 1, '2020-07-22 19:35:58', '2020-07-22 19:36:04', NULL),
(216, '030720200048', '3102.00', 6, NULL, 4, 1, '2020-07-22 19:35:58', '2020-07-22 19:36:04', NULL),
(217, '070720200032', '4500.00', 6, NULL, 36, 1, '2020-07-22 20:02:38', '2020-07-22 20:03:05', NULL),
(218, '070720200033', '2160.00', 6, NULL, 42, 1, '2020-07-22 20:02:38', '2020-07-22 20:03:05', NULL),
(219, '070720200034', '60.00', 6, NULL, 21, 1, '2020-07-22 20:02:38', '2020-07-22 20:03:05', NULL),
(220, '070720200035', '7820.00', 6, NULL, 19, 1, '2020-07-22 20:02:38', '2020-07-22 20:03:05', NULL),
(221, '070720200036', '5820.00', 6, NULL, 20, 1, '2020-07-22 20:02:38', '2020-07-22 20:03:05', NULL),
(222, '070720200037', '1530000.00', 6, NULL, 47, 1, '2020-07-22 20:05:39', '2020-07-22 20:05:47', NULL),
(223, '070720200038', '180.00', 6, NULL, 1, 1, '2020-07-22 20:05:39', '2020-07-22 20:05:47', NULL),
(224, '030720200049', '50000.00', 6, NULL, 3, 1, '2020-07-22 20:10:52', '2020-07-22 20:11:28', NULL);

-- --------------------------------------------------------

--
-- Table structure for table `voucher_items`
--

CREATE TABLE `voucher_items` (
  `id` int(10) UNSIGNED NOT NULL,
  `item_name` varchar(200) COLLATE utf8mb4_unicode_ci DEFAULT NULL,
  `voucher_id` int(10) UNSIGNED DEFAULT NULL,
  `payment_amount` decimal(10,2) NOT NULL DEFAULT '0.00',
  `voucher_amount` decimal(10,2) NOT NULL DEFAULT '0.00',
  `payment_id` int(10) UNSIGNED DEFAULT NULL,
  `payment_details_id` int(10) UNSIGNED DEFAULT NULL,
  `project_id` int(10) UNSIGNED DEFAULT NULL,
  `status` smallint(6) NOT NULL DEFAULT '0',
  `created_at` timestamp NULL DEFAULT NULL,
  `updated_at` timestamp NULL DEFAULT NULL
) ENGINE=InnoDB DEFAULT CHARSET=utf8mb4 COLLATE=utf8mb4_unicode_ci;

--
-- Dumping data for table `voucher_items`
--

INSERT INTO `voucher_items` (`id`, `item_name`, `voucher_id`, `payment_amount`, `voucher_amount`, `payment_id`, `payment_details_id`, `project_id`, `status`, `created_at`, `updated_at`) VALUES
(1, 'test', 1, '3223.00', '3223.00', NULL, NULL, 40, 1, '2020-07-08 02:28:18', '2020-07-08 02:28:31'),
(6, 'Private Car (SKD) Suspension Repair + Fuel', 4, '20000.00', '20000.00', 91, 109, 42, 1, '2020-07-09 16:56:31', '2020-07-09 17:26:58'),
(7, 'Car # 9335 plug,fan motor & others', 4, '2010.00', '2010.00', NULL, NULL, 42, 1, '2020-07-09 17:24:25', '2020-07-09 17:26:58'),
(8, 'Rickshaw rent', 3, '160.00', '160.00', NULL, NULL, 42, 1, '2020-07-09 17:25:42', '2020-07-09 17:26:58'),
(9, 'Mobile bill of Mr. SK Das, from 13-05-2020 to 12-06-2020', 5, '5350.00', '5350.00', NULL, NULL, 42, 1, '2020-07-11 17:55:55', '2020-07-11 17:57:19'),
(10, 'Mobile bill of Md. Rasel From Feb to May 2020', 5, '500.00', '500.00', NULL, NULL, 42, 1, '2020-07-11 17:56:58', '2020-07-11 17:57:19'),
(12, 'Meister Task bill', 7, '12023.00', '12023.00', NULL, NULL, 60, 1, '2020-07-11 18:17:35', '2020-07-11 18:18:49'),
(13, 'Meister Task bill', 6, '12023.00', '12023.00', NULL, NULL, 42, 1, '2020-07-11 18:18:11', '2020-07-11 18:18:49'),
(14, 'CNG & Rickshaw rent', 8, '1520.00', '1520.00', NULL, NULL, 42, 1, '2020-07-11 18:26:24', '2020-07-11 18:26:52'),
(15, 'Tyre for car # 9335', 9, '7500.00', '7500.00', NULL, NULL, 42, 1, '2020-07-11 18:30:43', '2020-07-11 18:30:56'),
(16, 'courier bill', 10, '30.00', '30.00', NULL, NULL, 42, 1, '2020-07-11 18:32:54', '2020-07-11 18:33:04'),
(17, 'Servicing for car # 9335', 11, '2150.00', '2150.00', NULL, NULL, 58, 1, '2020-07-11 18:34:56', '2020-07-11 18:35:39'),
(18, 'Labor for Dhanmondi office', 12, '500.00', '500.00', NULL, NULL, 42, 1, '2020-07-11 18:42:46', '2020-07-11 18:42:54'),
(19, 'Schedule for WZPDCL DSS', 13, '2100.00', '2100.00', NULL, NULL, 42, 1, '2020-07-11 18:44:42', '2020-07-11 18:44:53'),
(20, 'Mango purchase & Tea materials', 14, '2555.00', '2555.00', NULL, NULL, 42, 1, '2020-07-11 18:47:25', '2020-07-11 18:47:37'),
(21, 'Store visit', 15, '670.00', '670.00', NULL, NULL, 7, 1, '2020-07-11 18:51:43', '2020-07-11 18:51:49'),
(22, 'Tube light,Newspaper,& others bill', 16, '11414.00', '11414.00', NULL, NULL, 42, 1, '2020-07-11 18:55:40', '2020-07-11 18:55:58'),
(23, 'Bus & rickshaw rent', 17, '1215.00', '1215.00', NULL, NULL, 60, 1, '2020-07-11 18:57:34', '2020-07-11 18:57:46'),
(24, 'Octane & Gus bill for car# 9335', 18, '4794.00', '4794.00', NULL, NULL, 58, 1, '2020-07-11 19:01:07', '2020-07-11 19:01:20'),
(25, 'Online & PO charge', 19, '435.00', '435.00', NULL, NULL, 55, 1, '2020-07-11 19:04:15', '2020-07-11 19:04:25'),
(26, 'Staff mobile bill', 20, '5200.00', '5200.00', NULL, NULL, 55, 1, '2020-07-11 19:07:30', '2020-07-11 19:07:46'),
(27, 'Octane,Gus & mobil for car # 8520', 21, '13105.00', '13105.00', NULL, NULL, 37, 1, '2020-07-11 19:10:48', '2020-07-11 19:11:06'),
(28, 'ACI foil delivery,Tax office & others', 22, '6710.00', '6710.00', NULL, NULL, 35, 1, '2020-07-11 19:14:51', '2020-07-11 19:15:02'),
(29, 'CNG & rickshaw', 23, '6410.00', '6410.00', NULL, NULL, 35, 1, '2020-07-11 19:31:31', '2020-07-11 19:31:42'),
(31, 'Mobile bill of Mr. N M Khan from13-06-2020 to 30-06-2020', 26, '2400.00', '2400.00', NULL, NULL, 63, 1, '2020-07-11 19:35:22', '2020-07-11 19:44:25'),
(32, 'Mobile bill of Mr. mizanur Rahman from 21-05-2020 to 20-06-2020', 25, '420.00', '420.00', NULL, NULL, 55, 1, '2020-07-11 19:37:03', '2020-07-11 19:44:25'),
(34, 'Dhanmondi office Electric bill month of May 2020', 24, '4818.00', '4818.00', NULL, NULL, 63, 1, '2020-07-11 19:39:30', '2020-07-11 19:44:25'),
(35, 'Dhanmondi office gas bill month of July to September 2020', 24, '2925.00', '2925.00', NULL, NULL, 63, 1, '2020-07-11 19:43:01', '2020-07-11 19:44:25'),
(36, 'Tyre for car #7282', 27, '9100.00', '9100.00', NULL, NULL, 63, 1, '2020-07-11 19:50:44', '2020-07-11 19:50:51'),
(37, 'Tiffin exp', 31, '700.00', '700.00', NULL, NULL, 8, 1, '2020-07-11 19:54:18', '2020-07-11 19:56:35'),
(38, 'Ring file', 30, '65.00', '65.00', NULL, NULL, 8, 1, '2020-07-11 19:54:49', '2020-07-11 19:56:35'),
(40, 'Octane for BMW 6980', 32, '3000.00', '3000.00', NULL, NULL, 63, 1, '2020-07-11 20:00:19', '2020-07-11 20:00:47'),
(41, 'Octane for car # 5970', 33, '2000.00', '2000.00', NULL, NULL, 63, 1, '2020-07-11 20:11:57', '2020-07-11 20:12:08'),
(42, 'Tube repair for car # 5970', 34, '150.00', '150.00', NULL, NULL, 63, 1, '2020-07-11 20:25:54', '2020-07-11 20:26:05'),
(43, 'Parking for car # 0077 & 6980', 35, '150.00', '150.00', NULL, NULL, 56, 1, '2020-07-11 20:27:38', '2020-07-11 20:27:54'),
(44, 'PO charge', 36, '173.00', '173.00', NULL, NULL, 60, 1, '2020-07-11 20:29:30', '2020-07-11 20:29:43'),
(45, 'Diesel', 37, '300.00', '300.00', NULL, NULL, 22, 1, '2020-07-11 20:30:36', '2020-07-11 20:30:55'),
(46, 'Brown paper', 38, '10255.00', '10255.00', NULL, NULL, 30, 1, '2020-07-11 20:32:23', '2020-07-11 20:33:25'),
(47, 'VAT book', 38, '440.00', '440.00', NULL, NULL, 30, 1, '2020-07-11 20:33:07', '2020-07-11 20:33:25'),
(48, 'Courier bill', 39, '90.00', '90.00', NULL, NULL, 31, 1, '2020-07-11 20:34:27', '2020-07-11 20:34:38'),
(49, 'Soft drinks', 40, '140.00', '140.00', NULL, NULL, 31, 1, '2020-07-11 20:35:11', '2020-07-11 20:35:19'),
(50, 'For Audit report Year 2019-2020', 43, '6500.00', '6500.00', NULL, NULL, 31, 1, '2020-07-11 20:36:20', '2020-07-11 20:39:29'),
(51, 'Bus & rickshaw rent', 42, '510.00', '510.00', NULL, NULL, 31, 1, '2020-07-11 20:37:30', '2020-07-11 20:39:29'),
(52, 'Fire license renew 2020-2021', 41, '1339.00', '1339.00', NULL, NULL, 30, 1, '2020-07-11 20:39:15', '2020-07-11 20:39:29'),
(54, 'For Audit report Year 2019-2020', 44, '6500.00', '6500.00', NULL, NULL, 35, 1, '2020-07-11 20:57:27', '2020-07-11 20:59:50'),
(56, 'Compressor Auto', 45, '2200.00', '2200.00', NULL, NULL, 34, 1, '2020-07-11 21:01:55', '2020-07-11 21:02:33'),
(57, 'PO for EDCL', 46, '6500.00', '6500.00', NULL, NULL, 35, 1, '2020-07-11 21:03:37', '2020-07-11 21:03:54'),
(58, 'PO for EDCL', 47, '4000.00', '4000.00', NULL, NULL, 35, 1, '2020-07-11 21:04:29', '2020-07-11 21:04:41'),
(59, 'PO charge', 52, '46.00', '46.00', NULL, NULL, 35, 1, '2020-07-11 21:05:08', '2020-07-11 21:08:59'),
(60, 'VAT book', 51, '440.00', '440.00', NULL, NULL, 34, 1, '2020-07-11 21:05:42', '2020-07-11 21:08:59'),
(61, 'Staff mobile bill', 50, '3000.00', '3000.00', NULL, NULL, 35, 1, '2020-07-11 21:06:21', '2020-07-11 21:08:59'),
(62, 'Truck fare for foil delivery', 49, '8000.00', '8000.00', NULL, NULL, 34, 1, '2020-07-11 21:07:22', '2020-07-11 21:08:59'),
(63, 'Factory rent month of June 2020', 48, '30000.00', '30000.00', NULL, NULL, 34, 1, '2020-07-11 21:08:23', '2020-07-11 21:08:59'),
(64, 'Courier bill', 57, '5270.00', '5270.00', NULL, NULL, 55, 1, '2020-07-11 21:16:07', '2020-07-11 21:28:34'),
(65, 'Octane & gas bill for car # 0077', 56, '8562.00', '8562.00', NULL, NULL, 56, 1, '2020-07-11 21:18:21', '2020-07-11 21:28:34'),
(66, 'REB final bill,lunch bill & others', 55, '20733.00', '20733.00', NULL, NULL, 55, 1, '2020-07-11 21:21:25', '2020-07-11 21:28:34'),
(67, 'Power supply,seal & others', 54, '11160.00', '11160.00', NULL, NULL, 55, 1, '2020-07-11 21:23:27', '2020-07-11 21:28:34'),
(68, 'CNG & rickshaw rent', 53, '6870.00', '6870.00', NULL, NULL, 55, 1, '2020-07-11 21:27:57', '2020-07-11 21:28:34'),
(69, 'V.card & others', 58, '5690.00', '5690.00', NULL, NULL, 63, 1, '2020-07-11 21:38:22', '2020-07-11 21:38:30'),
(70, 'Offset paper', 59, '20400.00', '20400.00', NULL, NULL, 63, 1, '2020-07-11 21:39:32', '2020-07-11 21:39:52'),
(71, 'House rent of Peon month of July 2020', 60, '21375.00', '21375.00', NULL, NULL, 63, 1, '2020-07-11 21:40:44', '2020-07-11 21:41:02'),
(72, 'All car tracking', 61, '20250.00', '20250.00', NULL, NULL, 63, 1, '2020-07-11 21:43:33', '2020-07-11 21:43:47'),
(73, 'Cement 600 bag', 62, '240000.00', '240000.00', NULL, NULL, 3, 1, '2020-07-11 22:40:12', '2020-07-11 22:40:38'),
(74, 'Cement 200 Bag', 65, '80000.00', '80000.00', 66, 82, 20, 1, '2020-07-11 22:47:19', '2020-07-12 18:30:02'),
(75, 'Staff salary month of Mar 2020', 63, '558177.00', '558177.00', NULL, NULL, 23, 1, '2020-07-12 18:15:41', '2020-07-12 18:19:36'),
(76, 'Staff salary month of April 2020', 63, '556750.00', '556750.00', NULL, NULL, 23, 1, '2020-07-12 18:16:54', '2020-07-12 18:19:36'),
(77, 'Staff salary month of May 2020', 63, '556031.00', '556031.00', NULL, NULL, 23, 1, '2020-07-12 18:17:40', '2020-07-12 18:19:36'),
(78, 'Staff salary month of June 2020', 63, '556166.00', '556166.00', NULL, NULL, 23, 1, '2020-07-12 18:18:28', '2020-07-12 18:19:36'),
(79, 'Imprest from 01-03-2020 to 15-03-2020', 64, '25200.00', '25200.00', NULL, NULL, 23, 1, '2020-07-12 18:29:01', '2020-07-12 18:29:44'),
(80, 'Imprest from 16-03-2020 to 31-03-2020', 66, '20370.00', '20370.00', NULL, NULL, 23, 1, '2020-07-12 18:31:16', '2020-07-12 18:31:28'),
(81, 'Imprest 01.04.2020 to 15.04.2020', 67, '23900.00', '23900.00', NULL, NULL, 23, 1, '2020-07-12 18:33:32', '2020-07-12 18:34:19'),
(82, 'Imprest from 16.04.2020 to 30.04.2020', 68, '14440.00', '14440.00', NULL, NULL, 23, 1, '2020-07-12 18:35:02', '2020-07-12 18:35:32'),
(83, 'Imprest from 01.05.2020 to 15.05.2020', 69, '28350.00', '28350.00', NULL, NULL, 23, 1, '2020-07-12 18:36:51', '2020-07-12 18:37:32'),
(84, 'Imprest 16.05.2020 to 31.05.2020', 70, '19944.00', '19944.00', NULL, NULL, 23, 1, '2020-07-12 18:38:02', '2020-07-12 18:38:36'),
(85, 'Imprest from 01.06.2020 to 15.06.2020', 71, '20760.00', '20760.00', NULL, NULL, 23, 1, '2020-07-12 18:39:26', '2020-07-12 18:39:41'),
(86, 'Cash bonus of Driver', 73, '37000.00', '37000.00', NULL, NULL, 23, 1, '2020-07-12 18:40:42', '2020-07-12 18:42:10'),
(87, 'PPE set', 72, '32250.00', '32250.00', NULL, NULL, 23, 1, '2020-07-12 18:41:45', '2020-07-12 18:42:10'),
(88, 'Staff salary month of Mar 2020', 74, '567300.00', '567300.00', NULL, NULL, 25, 1, '2020-07-12 21:31:13', '2020-07-12 21:36:25'),
(89, 'Staff salary month of April 2020', 74, '410325.00', '410325.00', NULL, NULL, 25, 1, '2020-07-12 21:33:41', '2020-07-12 21:36:25'),
(90, 'Staff salary month of May 2020', 74, '492960.00', '492960.00', NULL, NULL, 25, 1, '2020-07-12 21:34:26', '2020-07-12 21:36:25'),
(91, 'Staff salary month of June 2020', 74, '489067.00', '489067.00', NULL, NULL, 25, 1, '2020-07-12 21:35:19', '2020-07-12 21:36:25'),
(92, 'Courier bill', 79, '640.00', '640.00', NULL, NULL, 55, 1, '2020-07-12 21:39:47', '2020-07-12 21:46:27'),
(93, 'Bus & rickshaw', 78, '800.00', '800.00', NULL, NULL, 63, 1, '2020-07-12 21:42:02', '2020-07-12 21:46:27'),
(94, 'Lunch bill', 77, '2165.00', '2165.00', NULL, NULL, 55, 1, '2020-07-12 21:43:05', '2020-07-12 21:46:27'),
(95, 'Electric Thar mo pot & others', 76, '5099.00', '5099.00', NULL, NULL, 63, 1, '2020-07-12 21:44:34', '2020-07-12 21:46:27'),
(96, 'Mobile bill of Mr. Tushar', 75, '500.00', '500.00', NULL, NULL, 55, 1, '2020-07-12 21:45:51', '2020-07-12 21:46:27'),
(97, 'C & F agent payment,L/C # 10109', 83, '610000.00', '610000.00', NULL, NULL, 30, 1, '2020-07-12 21:56:10', '2020-07-12 22:00:26'),
(98, 'Pay order for EDCL', 84, '45000.00', '45000.00', NULL, NULL, 31, 1, '2020-07-12 21:57:03', '2020-07-12 22:00:27'),
(99, 'IRC Renew Year 2020-2021', 86, '34500.00', '34500.00', NULL, NULL, 31, 1, '2020-07-12 22:45:03', '2020-07-12 22:46:07'),
(100, 'Source VAT,month of June 2020', 85, '2025.00', '2025.00', NULL, NULL, 31, 1, '2020-07-12 22:45:46', '2020-07-12 22:46:07'),
(105, 'Labor insurance', 94, '1150.00', '1150.00', NULL, NULL, 5, 1, '2020-07-14 19:07:55', '2020-07-14 19:28:20'),
(106, 'Labor insurance', 95, '1150.00', '1150.00', NULL, NULL, 8, 1, '2020-07-14 19:09:24', '2020-07-14 19:28:20'),
(107, 'I/T,Fitness & others for car # 8520', 93, '26957.00', '26957.00', NULL, NULL, 37, 1, '2020-07-14 19:13:30', '2020-07-14 19:28:20'),
(108, 'BP for EDCL', 91, '445000.00', '445000.00', NULL, NULL, 35, 1, '2020-07-14 19:17:08', '2020-07-14 19:25:44'),
(109, 'BP for EDCL', 90, '640000.00', '640000.00', NULL, NULL, 31, 1, '2020-07-14 19:18:27', '2020-07-14 19:25:44'),
(111, 'Schedule bill', 89, '1000.00', '1000.00', NULL, NULL, 31, 1, '2020-07-14 19:21:15', '2020-07-14 19:25:44'),
(112, 'VAT for foil', 88, '75475.00', '75475.00', NULL, NULL, 34, 1, '2020-07-14 19:22:31', '2020-07-14 19:25:44'),
(113, 'VAT at source,month of June 2020', 87, '1200.00', '1200.00', NULL, NULL, 35, 1, '2020-07-14 19:24:04', '2020-07-14 19:25:44'),
(114, 'Sales commission of Mr. Hanif from April to June 2020', 92, '79000.00', '79000.00', NULL, NULL, 31, 1, '2020-07-14 19:27:16', '2020-07-14 19:28:20'),
(115, 'Printer repair', 99, '1000.00', '1000.00', NULL, NULL, 42, 1, '2020-07-14 20:12:31', '2020-07-14 20:15:37'),
(116, 'For fitness .car # 8520', 98, '2500.00', '2500.00', NULL, NULL, 37, 1, '2020-07-14 20:13:25', '2020-07-14 20:15:37'),
(117, 'Bus & rickshaw rent', 97, '685.00', '685.00', NULL, NULL, 60, 1, '2020-07-14 20:14:35', '2020-07-14 20:15:37'),
(118, 'Bus & rickshaw rent', 96, '520.00', '520.00', NULL, NULL, 42, 1, '2020-07-14 20:15:22', '2020-07-14 20:15:37'),
(119, 'Bus & rickshaw rent', 102, '2175.00', '2175.00', NULL, NULL, 35, 1, '2020-07-14 20:18:57', '2020-07-14 20:23:15'),
(120, 'For REB office & lunch bill', 103, '600.00', '600.00', NULL, NULL, 55, 1, '2020-07-14 20:19:35', '2020-07-14 20:23:15'),
(121, 'Bus & rickshaw rent', 101, '1860.00', '1860.00', NULL, NULL, 55, 1, '2020-07-14 20:20:32', '2020-07-14 20:23:15'),
(122, 'Portable SSD,UPS & others', 100, '13380.00', '13380.00', NULL, NULL, 55, 1, '2020-07-14 20:22:41', '2020-07-14 20:23:15'),
(123, 'Internet bill ,month of July 2020', 104, '3000.00', '3000.00', NULL, NULL, 63, 1, '2020-07-14 20:40:45', '2020-07-14 20:41:26'),
(126, 'C & G rent ,rickshaw rent', 108, '3540.00', '3540.00', NULL, NULL, 55, 1, '2020-07-18 17:27:11', '2020-07-18 17:33:45'),
(127, 'Power supply & others', 107, '3198.00', '3198.00', NULL, NULL, 55, 1, '2020-07-18 17:29:16', '2020-07-18 17:33:45'),
(128, 'Gas & break oil for car # 0077', 106, '3425.00', '3425.00', NULL, NULL, 56, 1, '2020-07-18 17:31:20', '2020-07-18 17:33:45'),
(129, 'Octane for car # 7282', 105, '4000.00', '4000.00', NULL, NULL, 63, 1, '2020-07-18 17:32:12', '2020-07-18 17:33:45'),
(130, 'Octane for car #5970', 112, '2500.00', '2500.00', NULL, NULL, 63, 1, '2020-07-18 17:34:13', '2020-07-18 17:38:25'),
(131, 'Servicing for car # 5970', 111, '6000.00', '6000.00', NULL, NULL, 63, 1, '2020-07-18 17:34:56', '2020-07-18 17:38:25'),
(132, 'PBS final bill & others', 110, '22220.00', '22220.00', NULL, NULL, 55, 1, '2020-07-18 17:35:55', '2020-07-18 17:38:25'),
(133, 'Courier bill', 109, '2640.00', '2640.00', NULL, NULL, 55, 1, '2020-07-18 17:37:45', '2020-07-18 17:38:25'),
(134, 'House rent of Mr. M M Khan(Res) month of  July 2020', 115, '20000.00', '20000.00', NULL, NULL, 55, 1, '2020-07-18 17:40:09', '2020-07-18 17:42:40'),
(135, 'Water filter services', 114, '500.00', '500.00', NULL, NULL, 63, 1, '2020-07-18 17:40:47', '2020-07-18 17:42:40'),
(136, 'Tea materials', 113, '2182.00', '2182.00', NULL, NULL, 63, 1, '2020-07-18 17:41:35', '2020-07-18 17:42:40'),
(137, 'BP for delta', 119, '17000.00', '17000.00', NULL, NULL, 35, 1, '2020-07-18 18:27:03', '2020-07-18 18:33:13'),
(138, 'Powder & others', 118, '3310.00', '3310.00', NULL, NULL, 34, 1, '2020-07-18 18:29:11', '2020-07-18 18:33:13'),
(139, 'Customs ,month of May 2020 & others', 117, '38195.00', '38195.00', NULL, NULL, 34, 1, '2020-07-18 18:31:05', '2020-07-18 18:33:13'),
(140, 'Mobile bill of Mr. Faruk,month of June 2020', 116, '1000.00', '1000.00', NULL, NULL, 34, 1, '2020-07-18 18:32:22', '2020-07-18 18:33:13'),
(141, 'Gas & mobil for car # 8520', 125, '4681.00', '4681.00', NULL, NULL, 37, 1, '2020-07-18 18:34:23', '2020-07-18 18:40:51'),
(142, 'Water pump & others for car # 8520', 124, '3130.00', '3130.00', NULL, NULL, 37, 1, '2020-07-18 18:35:42', '2020-07-18 18:40:51'),
(143, 'Core/Bobin bill', 123, '47600.00', '47600.00', NULL, NULL, 34, 1, '2020-07-18 18:36:30', '2020-07-18 18:40:51'),
(144, 'I/T assessment year 2019-2020', 122, '50000.00', '50000.00', NULL, NULL, 35, 1, '2020-07-18 18:37:33', '2020-07-18 18:40:51'),
(145, 'Bus & rickshaw rent', 121, '580.00', '580.00', NULL, NULL, 35, 1, '2020-07-18 18:39:21', '2020-07-18 18:40:51'),
(146, 'CNG & rickshaw rent', 120, '340.00', '340.00', NULL, NULL, 34, 1, '2020-07-18 18:40:20', '2020-07-18 18:40:51'),
(147, 'Electric line maintenance', 127, '6500.00', '6500.00', NULL, NULL, 30, 1, '2020-07-18 18:48:06', '2020-07-18 18:55:40'),
(148, 'Mobile bill of Mr.Faruk month of June 2020', 130, '1000.00', '1000.00', NULL, NULL, 30, 1, '2020-07-18 18:49:09', '2020-07-18 18:55:40'),
(149, 'Harpic & others', 129, '3735.00', '3735.00', NULL, NULL, 30, 1, '2020-07-18 18:51:31', '2020-07-18 18:55:40'),
(150, 'Foil unloading', 128, '5200.00', '5200.00', NULL, NULL, 30, 1, '2020-07-18 18:53:24', '2020-07-18 18:55:40'),
(151, 'Internet bill ,month of June 2020', 134, '1300.00', '1300.00', NULL, NULL, 30, 1, '2020-07-18 18:56:36', '2020-07-18 19:01:23'),
(152, 'Land Tax paid', 133, '5300.00', '5300.00', NULL, NULL, 30, 1, '2020-07-18 18:57:26', '2020-07-18 19:01:23'),
(153, 'Customs month of May 2020 & others', 132, '61550.00', '61550.00', NULL, NULL, 30, 1, '2020-07-18 19:00:05', '2020-07-18 19:01:23'),
(154, 'Truck fare', 131, '4000.00', '4000.00', NULL, NULL, 30, 1, '2020-07-18 19:00:49', '2020-07-18 19:01:23'),
(155, 'Truck fare for L/C no 10109', 138, '19000.00', '19000.00', NULL, NULL, 30, 1, '2020-07-18 19:02:08', '2020-07-18 19:05:00'),
(157, 'T/L renew ,year 2020-2021', 137, '10807.00', '10807.00', NULL, NULL, 31, 1, '2020-07-18 19:03:53', '2020-07-18 19:05:00'),
(158, 'Truck fare for L/C no 10108', 141, '17500.00', '17500.00', NULL, NULL, 30, 1, '2020-07-18 19:05:46', '2020-07-18 19:09:22'),
(159, 'CNG & rickshaw rent', 140, '1220.00', '1220.00', NULL, NULL, 31, 1, '2020-07-18 19:07:14', '2020-07-18 19:09:22'),
(160, 'Bus & rickshaw rent', 139, '1290.00', '1290.00', NULL, NULL, 30, 1, '2020-07-18 19:09:05', '2020-07-18 19:09:22'),
(162, 'paid to Mr.Rabu', 142, '200000.00', '200000.00', NULL, NULL, 13, 1, '2020-07-18 19:21:26', '2020-07-18 19:22:46'),
(163, 'Staff salary month of June 2020', 150, '537700.00', '537700.00', NULL, NULL, 22, 1, '2020-07-18 20:15:12', '2020-07-18 20:21:13'),
(164, 'Imprest from 01-06-2020 to 15-06-2020', 148, '3060.00', '3060.00', NULL, NULL, 22, 1, '2020-07-18 20:16:08', '2020-07-18 20:21:13'),
(165, 'Office rent month of June 2020', 149, '23000.00', '23000.00', NULL, NULL, 22, 1, '2020-07-18 20:16:57', '2020-07-18 20:21:13'),
(167, 'E.bill from Mar 2020 to May 2020', 147, '2447.00', '2447.00', NULL, NULL, 22, 1, '2020-07-18 20:19:09', '2020-07-18 20:21:13'),
(168, 'Diesel bill', 153, '1975.00', '1975.00', NULL, NULL, 7, 1, '2020-07-18 20:54:10', '2020-07-18 20:57:48'),
(169, 'Bus & Rickshaw rent', 152, '405.00', '405.00', NULL, NULL, 7, 1, '2020-07-18 20:56:12', '2020-07-18 20:57:48'),
(170, 'Pick up rent', 151, '15000.00', '15000.00', NULL, NULL, 7, 1, '2020-07-18 20:56:49', '2020-07-18 20:57:48'),
(171, 'Diesel bill', 157, '1150.00', '1150.00', NULL, NULL, 14, 1, '2020-07-18 20:59:44', '2020-07-18 21:03:51'),
(172, 'Lunch bill', 156, '2234.00', '2234.00', NULL, NULL, 14, 1, '2020-07-18 21:00:37', '2020-07-18 21:03:51'),
(173, 'Cable,pipe & others', 155, '56595.00', '56595.00', NULL, NULL, 14, 1, '2020-07-18 21:02:37', '2020-07-18 21:03:51'),
(174, 'Labor bill', 154, '2900.00', '2900.00', NULL, NULL, 13, 1, '2020-07-18 21:03:15', '2020-07-18 21:03:51'),
(175, 'Bus & rickshaw rent', 158, '955.00', '955.00', NULL, NULL, 14, 1, '2020-07-18 21:04:30', '2020-07-18 21:04:42'),
(176, 'Pick up no 2888, 2785 & 4726 repair', 162, '20450.00', '20450.00', NULL, NULL, 24, 1, '2020-07-18 22:16:26', '2020-07-18 22:20:54'),
(177, 'Diesel bill', 161, '2220.00', '2220.00', NULL, NULL, 3, 1, '2020-07-18 22:17:39', '2020-07-18 22:20:54'),
(178, 'Mobile bill of Uttam saha,Mar2020 to May 2020', 160, '900.00', '900.00', NULL, NULL, 3, 1, '2020-07-18 22:19:00', '2020-07-18 22:20:54'),
(179, 'Purbachal plot rent,from 18 May to 18 June 2020', 159, '12000.00', '12000.00', NULL, NULL, 3, 1, '2020-07-18 22:20:21', '2020-07-18 22:20:54'),
(180, 'Labor bill', 166, '11750.00', '11750.00', NULL, NULL, 3, 1, '2020-07-18 22:21:53', '2020-07-18 22:25:50'),
(181, 'Bus & rickshaw rent', 165, '915.00', '915.00', NULL, NULL, 3, 1, '2020-07-18 22:22:41', '2020-07-18 22:25:50'),
(182, 'Sand,pipe & others', 164, '117058.00', '117058.00', NULL, NULL, 3, 1, '2020-07-18 22:24:44', '2020-07-18 22:25:50'),
(183, 'Earthing', 163, '9815.00', '9815.00', NULL, NULL, 4, 1, '2020-07-18 22:25:32', '2020-07-18 22:25:50'),
(184, 'Staff salary for the month of Mar 2020', 167, '507596.00', '507596.00', NULL, NULL, 24, 1, '2020-07-18 23:28:11', '2020-07-18 23:32:43'),
(185, 'Staff salary month of April 2020', 167, '507467.00', '507467.00', NULL, NULL, 24, 1, '2020-07-18 23:28:59', '2020-07-18 23:32:43'),
(186, 'Staff salary month of May 2020', 167, '507724.00', '507724.00', NULL, NULL, 24, 1, '2020-07-18 23:29:45', '2020-07-18 23:32:43'),
(187, 'Staff salary month of June 2020', 167, '507535.00', '507535.00', NULL, NULL, 24, 1, '2020-07-18 23:31:55', '2020-07-18 23:32:43'),
(188, 'Bonus of Eid-Ul-Fitre 2020', 168, '239500.00', '239500.00', NULL, NULL, 24, 1, '2020-07-18 23:34:09', '2020-07-18 23:34:24'),
(189, 'Imprest from 01-03-2020 to 15-03-2020', 169, '29710.00', '29710.00', NULL, NULL, 24, 1, '2020-07-18 23:37:30', '2020-07-18 23:37:55'),
(190, 'Imprest 16-03-2020 to 31-03-2020', 170, '21073.00', '21073.00', NULL, NULL, 24, 1, '2020-07-18 23:38:53', '2020-07-18 23:39:08'),
(192, 'Imprest from 01-04-2020 to 15-04-2020', 171, '52225.00', '52225.00', NULL, NULL, 24, 1, '2020-07-18 23:41:04', '2020-07-18 23:41:22'),
(193, 'Imprest from 16-04-2020 to 30-04-2020', 172, '18732.00', '18732.00', NULL, NULL, 24, 1, '2020-07-18 23:42:07', '2020-07-18 23:42:32'),
(194, 'Imprest from 01-05-2020 to 15-05-2020', 173, '31635.00', '31635.00', NULL, NULL, 24, 1, '2020-07-18 23:43:03', '2020-07-18 23:43:17'),
(195, 'Imprest from 16-05-2020 to 31-05-2020', 174, '26003.00', '26003.00', NULL, NULL, 24, 1, '2020-07-18 23:43:48', '2020-07-18 23:44:01'),
(196, 'Imprest from 01-06-2020 to 15-06-2020', 175, '26885.00', '26885.00', NULL, NULL, 24, 1, '2020-07-18 23:45:24', '2020-07-18 23:45:39'),
(198, 'Imprest from 16-06-2020 to 30-06-2020', 177, '19885.00', '19885.00', NULL, NULL, 24, 1, '2020-07-18 23:47:07', '2020-07-18 23:47:24'),
(199, 'Side step ,new CRV', 178, '22000.00', '22000.00', NULL, NULL, 62, 1, '2020-07-19 00:08:56', '2020-07-19 00:09:13'),
(201, 'Cash salary of Mr. M M Khan & Mr. N M Khan,month of June 2020', 183, '40000.00', '40000.00', NULL, NULL, 35, 1, '2020-07-20 17:32:18', '2020-07-20 17:36:34'),
(202, 'Cash salary of Mr. M M Khan & Mr. N M Khan,month of June 202', 182, '40000.00', '40000.00', NULL, NULL, 31, 1, '2020-07-20 17:33:02', '2020-07-20 17:36:34'),
(203, 'Cash salary of Md.Choton & Shekh Rasel of June 2020', 181, '14133.00', '14133.00', NULL, NULL, 30, 1, '2020-07-20 17:35:05', '2020-07-20 17:36:34'),
(204, 'Cash deposit at MBL dhanmondi branch', 189, '60000.00', '60000.00', NULL, NULL, 55, 1, '2020-07-20 20:36:56', '2020-07-20 20:41:06'),
(205, 'Dhanmondi office rent month of July 2020', 188, '55000.00', '55000.00', NULL, NULL, 63, 1, '2020-07-20 20:37:52', '2020-07-20 20:41:06'),
(206, 'Cartoon bill', 187, '44550.00', '44550.00', NULL, NULL, 34, 1, '2020-07-20 20:39:06', '2020-07-20 20:41:06'),
(207, 'Maskin tape bill', 186, '27214.00', '27214.00', NULL, NULL, 34, 1, '2020-07-20 20:39:51', '2020-07-20 20:41:06'),
(208, 'Maskin tape bill', 185, '23966.00', '23966.00', NULL, NULL, 30, 1, '2020-07-20 20:40:30', '2020-07-20 20:41:06'),
(209, 'For fire license renew year 2020-2021', 195, '5000.00', '5000.00', NULL, NULL, 30, 1, '2020-07-20 21:31:12', '2020-07-20 21:42:47'),
(210, 'BPBS audit & others', 194, '11196.00', '11196.00', NULL, NULL, 55, 1, '2020-07-20 21:32:42', '2020-07-20 21:42:47'),
(211, 'Line inspection report book', 196, '8700.00', '8700.00', NULL, NULL, 55, 1, '2020-07-20 21:34:01', '2020-07-20 21:42:47'),
(213, 'Mobile bill of Mr. M M Khan from 15-06-2020 to 14-07-2020', 197, '1182.00', '1182.00', NULL, NULL, 55, 1, '2020-07-20 21:37:47', '2020-07-20 21:42:47'),
(215, 'Mobile bill of Mr.Himel month of June 2020', 198, '1700.00', '1700.00', NULL, NULL, 55, 1, '2020-07-20 21:40:45', '2020-07-20 21:43:07'),
(216, 'BP for EDCL cheque', 199, '20000.00', '20000.00', NULL, NULL, 31, 1, '2020-07-20 21:52:11', '2020-07-20 21:52:20'),
(217, 'Online charge', 205, '289.00', '289.00', NULL, NULL, 55, 1, '2020-07-22 18:13:23', '2020-07-22 18:22:08'),
(218, 'Seal & others', 204, '4622.00', '4622.00', NULL, NULL, 55, 1, '2020-07-22 18:15:13', '2020-07-22 18:22:08'),
(219, 'Octane ,gas & mobil for car # 0077', 203, '5404.00', '5404.00', NULL, NULL, 56, 1, '2020-07-22 18:16:45', '2020-07-22 18:22:08'),
(220, 'Octane for 5970', 202, '9042.00', '9042.00', NULL, NULL, 63, 1, '2020-07-22 18:17:49', '2020-07-22 18:22:08'),
(221, 'Courier bill', 201, '1800.00', '1800.00', NULL, NULL, 55, 1, '2020-07-22 18:18:41', '2020-07-22 18:22:08'),
(222, 'CNG & rickshaw', 200, '2770.00', '2770.00', NULL, NULL, 55, 1, '2020-07-22 18:21:04', '2020-07-22 18:22:08'),
(223, 'Mobile bill of Mr. Morshad,month of April & May 2020', 212, '2000.00', '2000.00', NULL, NULL, 35, 1, '2020-07-22 18:27:35', '2020-07-22 18:45:05'),
(224, 'Octane,gas & mobil for car # 8520', 213, '4958.00', '4958.00', NULL, NULL, 37, 1, '2020-07-22 18:29:23', '2020-07-22 18:45:05'),
(225, 'Light bill', 211, '3634.00', '3634.00', NULL, NULL, 34, 1, '2020-07-22 18:30:39', '2020-07-22 18:45:05'),
(226, 'Parking & toll charge', 210, '455.00', '455.00', NULL, NULL, 35, 1, '2020-07-22 18:36:57', '2020-07-22 18:44:14'),
(227, 'Nojel,belt & others', 209, '6500.00', '6500.00', NULL, NULL, 34, 1, '2020-07-22 18:39:15', '2020-07-22 18:44:14'),
(228, 'Bus & rickshaw rent', 208, '2775.00', '2775.00', NULL, NULL, 35, 1, '2020-07-22 18:40:39', '2020-07-22 18:44:14'),
(229, 'Foil delivery & others', 207, '4290.00', '4290.00', NULL, NULL, 35, 1, '2020-07-22 18:42:33', '2020-07-22 18:44:14'),
(230, 'Truck fare', 206, '2500.00', '2500.00', NULL, NULL, 34, 1, '2020-07-22 18:43:41', '2020-07-22 18:44:14'),
(231, 'Gas bill for car # 9335', 216, '3102.00', '3102.00', NULL, NULL, 58, 1, '2020-07-22 19:29:38', '2020-07-22 19:36:04'),
(232, 'Mobile bill of Mr.Rajib month of July 2020 & Mr.Tushar', 215, '2700.00', '2700.00', NULL, NULL, 42, 1, '2020-07-22 19:31:38', '2020-07-22 19:36:04'),
(233, 'Bus & rickshaw rent', 214, '460.00', '460.00', NULL, NULL, 60, 1, '2020-07-22 19:35:43', '2020-07-22 19:36:04'),
(234, 'Light bill', 221, '5820.00', '5820.00', NULL, NULL, 30, 1, '2020-07-22 19:39:26', '2020-07-22 20:03:05'),
(235, 'Foil delivery & others', 220, '7820.00', '7820.00', NULL, NULL, 31, 1, '2020-07-22 19:40:56', '2020-07-22 20:03:05'),
(236, 'Rickshaw rent', 223, '180.00', '180.00', NULL, NULL, 31, 1, '2020-07-22 19:55:07', '2020-07-22 20:05:47'),
(237, 'Courier bill', 219, '60.00', '60.00', NULL, NULL, 31, 1, '2020-07-22 19:55:50', '2020-07-22 20:03:05'),
(238, 'Belt & others', 218, '2160.00', '2160.00', NULL, NULL, 30, 1, '2020-07-22 19:58:01', '2020-07-22 20:03:05'),
(239, 'Truck fare', 217, '4500.00', '4500.00', NULL, NULL, 30, 1, '2020-07-22 20:00:24', '2020-07-22 20:03:05'),
(240, 'C & F agent,L/C no 10106', 222, '1530000.00', '1530000.00', NULL, NULL, 30, 1, '2020-07-22 20:05:20', '2020-07-22 20:05:47'),
(241, 'Salary of Mr. Sanjaree month of June 2020', 224, '50000.00', '50000.00', NULL, NULL, 13, 1, '2020-07-22 20:10:29', '2020-07-22 20:11:28');

--
-- Indexes for dumped tables
--

--
-- Indexes for table `accounts`
--
ALTER TABLE `accounts`
  ADD PRIMARY KEY (`id`),
  ADD UNIQUE KEY `accounts_email_unique` (`email`),
  ADD KEY `accounts_company_id_foreign` (`company_id`);

--
-- Indexes for table `admins`
--
ALTER TABLE `admins`
  ADD PRIMARY KEY (`id`);

--
-- Indexes for table `ammendments`
--
ALTER TABLE `ammendments`
  ADD PRIMARY KEY (`id`),
  ADD KEY `ammendments_payment_id_foreign` (`payment_id`),
  ADD KEY `ammendments_project_id_foreign` (`project_id`);

--
-- Indexes for table `bank_accounts`
--
ALTER TABLE `bank_accounts`
  ADD PRIMARY KEY (`id`),
  ADD KEY `bank_accounts_company_id_foreign` (`company_id`),
  ADD KEY `bank_accounts_bank_id_foreign` (`bank_id`),
  ADD KEY `bank_accounts_branch_id_foreign` (`branch_id`);

--
-- Indexes for table `bank_and_branches`
--
ALTER TABLE `bank_and_branches`
  ADD PRIMARY KEY (`id`),
  ADD KEY `bank_and_branches_bank_id_foreign` (`bank_id`);

--
-- Indexes for table `companies`
--
ALTER TABLE `companies`
  ADD PRIMARY KEY (`id`);

--
-- Indexes for table `documents`
--
ALTER TABLE `documents`
  ADD PRIMARY KEY (`id`),
  ADD KEY `documents_payment_id_foreign` (`payment_id`),
  ADD KEY `documents_created_by_foreign` (`created_by`);

--
-- Indexes for table `expenditure_sectors`
--
ALTER TABLE `expenditure_sectors`
  ADD PRIMARY KEY (`id`);

--
-- Indexes for table `migrations`
--
ALTER TABLE `migrations`
  ADD PRIMARY KEY (`id`);

--
-- Indexes for table `model_has_permissions`
--
ALTER TABLE `model_has_permissions`
  ADD PRIMARY KEY (`permission_id`,`model_id`,`model_type`),
  ADD KEY `model_has_permissions_model_id_model_type_index` (`model_id`,`model_type`);

--
-- Indexes for table `model_has_roles`
--
ALTER TABLE `model_has_roles`
  ADD PRIMARY KEY (`role_id`,`model_id`,`model_type`),
  ADD KEY `model_has_roles_model_id_model_type_index` (`model_id`,`model_type`);

--
-- Indexes for table `password_resets`
--
ALTER TABLE `password_resets`
  ADD KEY `password_resets_email_index` (`email`);

--
-- Indexes for table `payments`
--
ALTER TABLE `payments`
  ADD PRIMARY KEY (`id`),
  ADD KEY `payments_company_id_foreign` (`company_id`),
  ADD KEY `payments_user_id_foreign` (`user_id`),
  ADD KEY `payments_created_by_foreign` (`created_by`),
  ADD KEY `payments_verified_by_foreign` (`verified_by`),
  ADD KEY `payments_approved_by_foreign` (`approved_by`),
  ADD KEY `payments_disbursed_by_foreign` (`disbursed_by`),
  ADD KEY `payments_project_id_foreign` (`project_id`);

--
-- Indexes for table `payment_comments`
--
ALTER TABLE `payment_comments`
  ADD PRIMARY KEY (`id`),
  ADD KEY `payment_comments_created_by_foreign` (`created_by`),
  ADD KEY `payment_comments_payment_id_foreign` (`payment_id`);

--
-- Indexes for table `payment_details`
--
ALTER TABLE `payment_details`
  ADD PRIMARY KEY (`id`),
  ADD KEY `payment_details_payment_id_foreign` (`payment_id`),
  ADD KEY `payment_details_project_id_foreign` (`project_id`);

--
-- Indexes for table `payment_settlements`
--
ALTER TABLE `payment_settlements`
  ADD PRIMARY KEY (`id`),
  ADD KEY `payment_settlements_payment_id_foreign` (`payment_id`),
  ADD KEY `payment_settlements_project_id_foreign` (`project_id`);

--
-- Indexes for table `payment_transfers`
--
ALTER TABLE `payment_transfers`
  ADD PRIMARY KEY (`id`),
  ADD KEY `payment_transfers_payment_id_foreign` (`payment_id`),
  ADD KEY `payment_transfers_reference_payment_id_foreign` (`reference_payment_id`);

--
-- Indexes for table `permissions`
--
ALTER TABLE `permissions`
  ADD PRIMARY KEY (`id`);

--
-- Indexes for table `projects`
--
ALTER TABLE `projects`
  ADD PRIMARY KEY (`id`),
  ADD KEY `projects_company_id_foreign` (`company_id`);

--
-- Indexes for table `project_user`
--
ALTER TABLE `project_user`
  ADD PRIMARY KEY (`id`);

--
-- Indexes for table `roles`
--
ALTER TABLE `roles`
  ADD PRIMARY KEY (`id`);

--
-- Indexes for table `role_has_permissions`
--
ALTER TABLE `role_has_permissions`
  ADD PRIMARY KEY (`permission_id`,`role_id`),
  ADD KEY `role_has_permissions_role_id_foreign` (`role_id`);

--
-- Indexes for table `settings`
--
ALTER TABLE `settings`
  ADD PRIMARY KEY (`id`);

--
-- Indexes for table `users`
--
ALTER TABLE `users`
  ADD PRIMARY KEY (`id`),
  ADD UNIQUE KEY `users_email_unique` (`email`),
  ADD UNIQUE KEY `users_username_unique` (`username`),
  ADD KEY `users_user_types_id_foreign` (`user_types_id`);

--
-- Indexes for table `user_profiles`
--
ALTER TABLE `user_profiles`
  ADD PRIMARY KEY (`id`),
  ADD KEY `user_profiles_company_id_foreign` (`company_id`),
  ADD KEY `user_profiles_user_id_foreign` (`user_id`);

--
-- Indexes for table `user_types`
--
ALTER TABLE `user_types`
  ADD PRIMARY KEY (`id`);

--
-- Indexes for table `vochers`
--
ALTER TABLE `vochers`
  ADD PRIMARY KEY (`id`),
  ADD KEY `vochers_user_id_foreign` (`user_id`),
  ADD KEY `vochers_payment_id_foreign` (`payment_id`);

--
-- Indexes for table `vocher_details`
--
ALTER TABLE `vocher_details`
  ADD PRIMARY KEY (`id`),
  ADD KEY `vocher_details_payment_id_foreign` (`payment_id`),
  ADD KEY `vocher_details_project_id_foreign` (`project_id`),
  ADD KEY `vocher_details_vocher_id_foreign` (`vocher_id`);

--
-- Indexes for table `vouchers`
--
ALTER TABLE `vouchers`
  ADD PRIMARY KEY (`id`),
  ADD KEY `vouchers_created_by_foreign` (`created_by`),
  ADD KEY `vouchers_expenditure_sector_id_foreign` (`expenditure_sector_id`);

--
-- Indexes for table `voucher_items`
--
ALTER TABLE `voucher_items`
  ADD PRIMARY KEY (`id`),
  ADD KEY `voucher_items_voucher_id_foreign` (`voucher_id`),
  ADD KEY `voucher_items_payment_id_foreign` (`payment_id`),
  ADD KEY `voucher_items_payment_details_id_foreign` (`payment_details_id`),
  ADD KEY `voucher_items_project_id_foreign` (`project_id`);

--
-- AUTO_INCREMENT for dumped tables
--

--
-- AUTO_INCREMENT for table `accounts`
--
ALTER TABLE `accounts`
  MODIFY `id` int(10) UNSIGNED NOT NULL AUTO_INCREMENT;

--
-- AUTO_INCREMENT for table `admins`
--
ALTER TABLE `admins`
  MODIFY `id` int(10) UNSIGNED NOT NULL AUTO_INCREMENT;

--
-- AUTO_INCREMENT for table `ammendments`
--
ALTER TABLE `ammendments`
  MODIFY `id` int(10) UNSIGNED NOT NULL AUTO_INCREMENT;

--
-- AUTO_INCREMENT for table `bank_accounts`
--
ALTER TABLE `bank_accounts`
  MODIFY `id` int(10) UNSIGNED NOT NULL AUTO_INCREMENT, AUTO_INCREMENT=2;

--
-- AUTO_INCREMENT for table `bank_and_branches`
--
ALTER TABLE `bank_and_branches`
  MODIFY `id` int(10) UNSIGNED NOT NULL AUTO_INCREMENT, AUTO_INCREMENT=4;

--
-- AUTO_INCREMENT for table `companies`
--
ALTER TABLE `companies`
  MODIFY `id` int(10) UNSIGNED NOT NULL AUTO_INCREMENT, AUTO_INCREMENT=14;

--
-- AUTO_INCREMENT for table `documents`
--
ALTER TABLE `documents`
  MODIFY `id` int(10) UNSIGNED NOT NULL AUTO_INCREMENT, AUTO_INCREMENT=4;

--
-- AUTO_INCREMENT for table `expenditure_sectors`
--
ALTER TABLE `expenditure_sectors`
  MODIFY `id` int(10) UNSIGNED NOT NULL AUTO_INCREMENT, AUTO_INCREMENT=53;

--
-- AUTO_INCREMENT for table `migrations`
--
ALTER TABLE `migrations`
  MODIFY `id` int(10) UNSIGNED NOT NULL AUTO_INCREMENT, AUTO_INCREMENT=100;

--
-- AUTO_INCREMENT for table `payments`
--
ALTER TABLE `payments`
  MODIFY `id` int(10) UNSIGNED NOT NULL AUTO_INCREMENT, AUTO_INCREMENT=167;

--
-- AUTO_INCREMENT for table `payment_comments`
--
ALTER TABLE `payment_comments`
  MODIFY `id` int(10) UNSIGNED NOT NULL AUTO_INCREMENT, AUTO_INCREMENT=68;

--
-- AUTO_INCREMENT for table `payment_details`
--
ALTER TABLE `payment_details`
  MODIFY `id` int(10) UNSIGNED NOT NULL AUTO_INCREMENT, AUTO_INCREMENT=226;

--
-- AUTO_INCREMENT for table `payment_settlements`
--
ALTER TABLE `payment_settlements`
  MODIFY `id` int(10) UNSIGNED NOT NULL AUTO_INCREMENT, AUTO_INCREMENT=31;

--
-- AUTO_INCREMENT for table `payment_transfers`
--
ALTER TABLE `payment_transfers`
  MODIFY `id` int(10) UNSIGNED NOT NULL AUTO_INCREMENT, AUTO_INCREMENT=7;

--
-- AUTO_INCREMENT for table `permissions`
--
ALTER TABLE `permissions`
  MODIFY `id` int(10) UNSIGNED NOT NULL AUTO_INCREMENT, AUTO_INCREMENT=33;

--
-- AUTO_INCREMENT for table `projects`
--
ALTER TABLE `projects`
  MODIFY `id` int(10) UNSIGNED NOT NULL AUTO_INCREMENT, AUTO_INCREMENT=64;

--
-- AUTO_INCREMENT for table `project_user`
--
ALTER TABLE `project_user`
  MODIFY `id` int(10) UNSIGNED NOT NULL AUTO_INCREMENT, AUTO_INCREMENT=425;

--
-- AUTO_INCREMENT for table `roles`
--
ALTER TABLE `roles`
  MODIFY `id` int(10) UNSIGNED NOT NULL AUTO_INCREMENT, AUTO_INCREMENT=16;

--
-- AUTO_INCREMENT for table `settings`
--
ALTER TABLE `settings`
  MODIFY `id` int(10) UNSIGNED NOT NULL AUTO_INCREMENT, AUTO_INCREMENT=8;

--
-- AUTO_INCREMENT for table `users`
--
ALTER TABLE `users`
  MODIFY `id` int(10) UNSIGNED NOT NULL AUTO_INCREMENT, AUTO_INCREMENT=47;

--
-- AUTO_INCREMENT for table `user_profiles`
--
ALTER TABLE `user_profiles`
  MODIFY `id` int(10) UNSIGNED NOT NULL AUTO_INCREMENT, AUTO_INCREMENT=81;

--
-- AUTO_INCREMENT for table `user_types`
--
ALTER TABLE `user_types`
  MODIFY `id` int(10) UNSIGNED NOT NULL AUTO_INCREMENT, AUTO_INCREMENT=8;

--
-- AUTO_INCREMENT for table `vochers`
--
ALTER TABLE `vochers`
  MODIFY `id` int(10) UNSIGNED NOT NULL AUTO_INCREMENT;

--
-- AUTO_INCREMENT for table `vocher_details`
--
ALTER TABLE `vocher_details`
  MODIFY `id` int(10) UNSIGNED NOT NULL AUTO_INCREMENT;

--
-- AUTO_INCREMENT for table `vouchers`
--
ALTER TABLE `vouchers`
  MODIFY `id` int(10) UNSIGNED NOT NULL AUTO_INCREMENT, AUTO_INCREMENT=225;

--
-- AUTO_INCREMENT for table `voucher_items`
--
ALTER TABLE `voucher_items`
  MODIFY `id` int(10) UNSIGNED NOT NULL AUTO_INCREMENT, AUTO_INCREMENT=242;

--
-- Constraints for dumped tables
--

--
-- Constraints for table `accounts`
--
ALTER TABLE `accounts`
  ADD CONSTRAINT `accounts_company_id_foreign` FOREIGN KEY (`company_id`) REFERENCES `companies` (`id`);

--
-- Constraints for table `ammendments`
--
ALTER TABLE `ammendments`
  ADD CONSTRAINT `ammendments_payment_id_foreign` FOREIGN KEY (`payment_id`) REFERENCES `payments` (`id`),
  ADD CONSTRAINT `ammendments_project_id_foreign` FOREIGN KEY (`project_id`) REFERENCES `projects` (`id`);

--
-- Constraints for table `bank_accounts`
--
ALTER TABLE `bank_accounts`
  ADD CONSTRAINT `bank_accounts_bank_id_foreign` FOREIGN KEY (`bank_id`) REFERENCES `bank_and_branches` (`id`),
  ADD CONSTRAINT `bank_accounts_branch_id_foreign` FOREIGN KEY (`branch_id`) REFERENCES `bank_and_branches` (`id`),
  ADD CONSTRAINT `bank_accounts_company_id_foreign` FOREIGN KEY (`company_id`) REFERENCES `companies` (`id`);

--
-- Constraints for table `bank_and_branches`
--
ALTER TABLE `bank_and_branches`
  ADD CONSTRAINT `bank_and_branches_bank_id_foreign` FOREIGN KEY (`bank_id`) REFERENCES `bank_and_branches` (`id`);

--
-- Constraints for table `documents`
--
ALTER TABLE `documents`
  ADD CONSTRAINT `documents_created_by_foreign` FOREIGN KEY (`created_by`) REFERENCES `users` (`id`),
  ADD CONSTRAINT `documents_payment_id_foreign` FOREIGN KEY (`payment_id`) REFERENCES `payments` (`id`) ON DELETE CASCADE;

--
-- Constraints for table `model_has_permissions`
--
ALTER TABLE `model_has_permissions`
  ADD CONSTRAINT `model_has_permissions_permission_id_foreign` FOREIGN KEY (`permission_id`) REFERENCES `permissions` (`id`) ON DELETE CASCADE;

--
-- Constraints for table `model_has_roles`
--
ALTER TABLE `model_has_roles`
  ADD CONSTRAINT `model_has_roles_role_id_foreign` FOREIGN KEY (`role_id`) REFERENCES `roles` (`id`) ON DELETE CASCADE;

--
-- Constraints for table `payments`
--
ALTER TABLE `payments`
  ADD CONSTRAINT `payments_approved_by_foreign` FOREIGN KEY (`approved_by`) REFERENCES `users` (`id`),
  ADD CONSTRAINT `payments_company_id_foreign` FOREIGN KEY (`company_id`) REFERENCES `companies` (`id`),
  ADD CONSTRAINT `payments_created_by_foreign` FOREIGN KEY (`created_by`) REFERENCES `users` (`id`),
  ADD CONSTRAINT `payments_disbursed_by_foreign` FOREIGN KEY (`disbursed_by`) REFERENCES `users` (`id`),
  ADD CONSTRAINT `payments_project_id_foreign` FOREIGN KEY (`project_id`) REFERENCES `projects` (`id`),
  ADD CONSTRAINT `payments_user_id_foreign` FOREIGN KEY (`user_id`) REFERENCES `users` (`id`),
  ADD CONSTRAINT `payments_verified_by_foreign` FOREIGN KEY (`verified_by`) REFERENCES `users` (`id`);

--
-- Constraints for table `payment_comments`
--
ALTER TABLE `payment_comments`
  ADD CONSTRAINT `payment_comments_created_by_foreign` FOREIGN KEY (`created_by`) REFERENCES `users` (`id`) ON DELETE CASCADE,
  ADD CONSTRAINT `payment_comments_payment_id_foreign` FOREIGN KEY (`payment_id`) REFERENCES `payments` (`id`) ON DELETE CASCADE;

--
-- Constraints for table `payment_details`
--
ALTER TABLE `payment_details`
  ADD CONSTRAINT `payment_details_payment_id_foreign` FOREIGN KEY (`payment_id`) REFERENCES `payments` (`id`) ON DELETE CASCADE,
  ADD CONSTRAINT `payment_details_project_id_foreign` FOREIGN KEY (`project_id`) REFERENCES `projects` (`id`) ON DELETE CASCADE;

--
-- Constraints for table `payment_settlements`
--
ALTER TABLE `payment_settlements`
  ADD CONSTRAINT `payment_settlements_payment_id_foreign` FOREIGN KEY (`payment_id`) REFERENCES `payments` (`id`),
  ADD CONSTRAINT `payment_settlements_project_id_foreign` FOREIGN KEY (`project_id`) REFERENCES `projects` (`id`);

--
-- Constraints for table `payment_transfers`
--
ALTER TABLE `payment_transfers`
  ADD CONSTRAINT `payment_transfers_payment_id_foreign` FOREIGN KEY (`payment_id`) REFERENCES `payments` (`id`),
  ADD CONSTRAINT `payment_transfers_reference_payment_id_foreign` FOREIGN KEY (`reference_payment_id`) REFERENCES `payments` (`id`);

--
-- Constraints for table `projects`
--
ALTER TABLE `projects`
  ADD CONSTRAINT `projects_company_id_foreign` FOREIGN KEY (`company_id`) REFERENCES `companies` (`id`);

--
-- Constraints for table `role_has_permissions`
--
ALTER TABLE `role_has_permissions`
  ADD CONSTRAINT `role_has_permissions_permission_id_foreign` FOREIGN KEY (`permission_id`) REFERENCES `permissions` (`id`) ON DELETE CASCADE,
  ADD CONSTRAINT `role_has_permissions_role_id_foreign` FOREIGN KEY (`role_id`) REFERENCES `roles` (`id`) ON DELETE CASCADE;

--
-- Constraints for table `users`
--
ALTER TABLE `users`
  ADD CONSTRAINT `users_user_types_id_foreign` FOREIGN KEY (`user_types_id`) REFERENCES `user_types` (`id`);

--
-- Constraints for table `user_profiles`
--
ALTER TABLE `user_profiles`
  ADD CONSTRAINT `user_profiles_company_id_foreign` FOREIGN KEY (`company_id`) REFERENCES `companies` (`id`),
  ADD CONSTRAINT `user_profiles_user_id_foreign` FOREIGN KEY (`user_id`) REFERENCES `users` (`id`);

--
-- Constraints for table `vochers`
--
ALTER TABLE `vochers`
  ADD CONSTRAINT `vochers_payment_id_foreign` FOREIGN KEY (`payment_id`) REFERENCES `payments` (`id`),
  ADD CONSTRAINT `vochers_user_id_foreign` FOREIGN KEY (`user_id`) REFERENCES `users` (`id`);

--
-- Constraints for table `vocher_details`
--
ALTER TABLE `vocher_details`
  ADD CONSTRAINT `vocher_details_payment_id_foreign` FOREIGN KEY (`payment_id`) REFERENCES `payments` (`id`) ON DELETE CASCADE,
  ADD CONSTRAINT `vocher_details_project_id_foreign` FOREIGN KEY (`project_id`) REFERENCES `projects` (`id`) ON DELETE CASCADE,
  ADD CONSTRAINT `vocher_details_vocher_id_foreign` FOREIGN KEY (`vocher_id`) REFERENCES `vochers` (`id`) ON DELETE CASCADE;

--
-- Constraints for table `vouchers`
--
ALTER TABLE `vouchers`
  ADD CONSTRAINT `vouchers_created_by_foreign` FOREIGN KEY (`created_by`) REFERENCES `users` (`id`),
  ADD CONSTRAINT `vouchers_expenditure_sector_id_foreign` FOREIGN KEY (`expenditure_sector_id`) REFERENCES `expenditure_sectors` (`id`);

--
-- Constraints for table `voucher_items`
--
ALTER TABLE `voucher_items`
  ADD CONSTRAINT `voucher_items_payment_details_id_foreign` FOREIGN KEY (`payment_details_id`) REFERENCES `payment_details` (`id`) ON DELETE CASCADE,
  ADD CONSTRAINT `voucher_items_payment_id_foreign` FOREIGN KEY (`payment_id`) REFERENCES `payments` (`id`) ON DELETE CASCADE,
  ADD CONSTRAINT `voucher_items_project_id_foreign` FOREIGN KEY (`project_id`) REFERENCES `projects` (`id`) ON DELETE CASCADE,
  ADD CONSTRAINT `voucher_items_voucher_id_foreign` FOREIGN KEY (`voucher_id`) REFERENCES `vouchers` (`id`) ON DELETE CASCADE;
COMMIT;

/*!40101 SET CHARACTER_SET_CLIENT=@OLD_CHARACTER_SET_CLIENT */;
/*!40101 SET CHARACTER_SET_RESULTS=@OLD_CHARACTER_SET_RESULTS */;
/*!40101 SET COLLATION_CONNECTION=@OLD_COLLATION_CONNECTION */;
